,PMID,Eligible,Model,Disease
1,35153589,Yes,Compartmental,Covid-19
2,35136763,Yes,Compartmental,Covid-19
3,35135241,Yes,Compartmental,Covid-19
4,35135224,Yes,Compartmental,General (theoretical model)
5,35135207,Yes,Multiple,Covid-19
6,35135201,Yes,Compartmental,Covid-19
7,35120681,Yes,Spatiotemporal,Covid-19
8,35094929,Yes,Time Series,Covid-19
9,35083430,Yes,Time Series,Covid-19
10,35071672,Yes,Compartmental,Covid-19
11,35071388,Yes,Spatiotemporal,Lumpy skin disease
12,35059370,Yes,Compartmental,Covid-19
13,35059369,Yes,Agent-based,Covid-19
14,35058682,Yes,Compartmental,Covid-19
15,35052076,Yes,Time Series,Covid-19
16,35039781,Yes,Compartmental,Covid-19
17,35036527,Yes,Time Series,Covid-19
18,35036159,Yes,Spatiotemporal,Covid-19
19,35028196,Yes,Compartmental,Covid-19
20,35010675,Yes,Time Series,Leprosy
21,35010600,Yes,Time Series,Dengue
22,35005324,Yes,Compartmental,Covid-19
23,34990535,Yes,Time Series,Unspecified (super-category)
24,34988255,Yes,Spatiotemporal,Covid-19
25,34977848,Yes,Agent-based,Covid-19
26,34977844,Yes,Compartmental,Covid-19
27,34975234,Yes,Agent-based,General (theoretical model)
28,34975079,Yes,Spatiotemporal,HIV
29,34973454,Yes,Spatiotemporal,Covid-19
30,34969546,Yes,Time Series,Streptococcus
31,34963680,Yes,Compartmental,Covid-19
32,34961844,Yes,Time Series,Covid-19
33,34961835,Yes,Compartmental,General (theoretical model)
34,34961800,Yes,Compartmental,General (theoretical model)
35,34960207,Yes,Agent-based,Covid-19
36,34956648,Yes,Spatiotemporal,Influenza illnesses
37,34954344,Yes,Compartmental,Covid-19
38,34954184,Yes,Spatiotemporal,Covid-19
39,34953536,Yes,Time Series,Covid-19
40,34950910,Yes,Agent-based,General (theoretical model)
41,34948902,Yes,Spatiotemporal,Covid-19
42,34938933,Yes,Spatiotemporal,Covid-19
43,34936666,Yes,Spatiotemporal,Covid-19
44,34936650,Yes,Compartmental,Covid-19
45,34934870,Yes,Compartmental,Covid-19
46,34934420,Yes,Time Series,Covid-19
47,34933883,Yes,Agent-based,Covid-19
48,34932931,Yes,Agent-based,Covid-19
49,34932762,Yes,Time Series,Chagas
50,34932560,Yes,Agent-based,Polio
51,34931157,Yes,Spatiotemporal,Covid-19
52,34931105,Yes,Compartmental,General (theoretical model)
53,34930317,Yes,Time Series,Multiple different agents
54,34930265,Yes,Spatiotemporal,Malaria
55,34930128,Yes,Spatiotemporal,Malaria
56,34926865,Yes,Compartmental,Covid-19
57,34923119,Yes,Spatiotemporal,Covid-19
58,34922976,Yes,Compartmental,Covid-19
59,34922496,Yes,Time Series,TB and mycobacteria
60,34921175,Yes,Compartmental,Covid-19
61,34921080,Yes,Spatiotemporal,Covid-19
62,34919977,Yes,Time Series,Covid-19
63,34919576,Yes,Compartmental,Covid-19
64,34917836,Yes,Time Series,Influenza illnesses
67,34912038,Yes,Compartmental,Covid-19
68,34908637,Yes,Compartmental,Covid-19
69,34908636,Yes,Compartmental,Covid-19
70,34908634,Yes,Compartmental,Covid-19
71,34908628,Yes,Compartmental,Covid-19
72,34907208,Yes,Time Series,Covid-19
73,34903655,Yes,Spatiotemporal,Covid-19
75,34903020,Yes,Compartmental,Covid-19
76,34902988,Yes,Compartmental,Covid-19
77,34902978,Yes,Spatiotemporal,Covid-19
78,34901733,Yes,Compartmental,Covid-19
79,34900929,Yes,Time Series,Dengue
80,34900606,Yes,Compartmental,Covid-19
81,34899057,Yes,Compartmental,Covid-19
82,34899033,Yes,Spatiotemporal,Covid-19
83,34898823,Yes,Compartmental,Covid-19
84,34898816,Yes,Compartmental,Covid-19
85,34896895,Yes,Compartmental,Covid-19
86,34895497,Yes,Compartmental,Covid-19
88,34894622,Yes,Time Series,Covid-19
89,34889300,Yes,Time Series,Hepatitis C
90,34886507,Yes,Time Series,Malaria
91,34886437,Yes,Spatiotemporal,Covid-19
92,34886355,Yes,Compartmental,General (theoretical model)
93,34882679,Yes,Spatiotemporal,Dengue
94,34881217,Yes,Compartmental,Covid-19
96,34877249,Yes,Spatiotemporal,Covid-19
97,34876601,Yes,Time Series,Covid-19
98,34874981,Yes,Compartmental,Covid-19
99,34872559,Yes,Compartmental,Covid-19
100,34869960,Yes,Agent-based,Covid-19
101,34866541,Yes,Compartmental,Ebola
102,34865617,Yes,Agent-based,Covid-19
103,34863395,Yes,Time Series,Multiple different agents
104,34863336,Yes,Spatiotemporal,Schistomiasis
106,34857840,Yes,Compartmental,Covid-19
107,34857815,Yes,Time Series,General (theoretical model)
108,34856112,Yes,Compartmental,Covid-19
109,34851954,Yes,Compartmental,General (theoretical model)
110,34851953,Yes,Spatiotemporal,Rabies/ Lyssavirus
111,34849482,Yes,Agent-based,Rubella
112,34848918,Yes,Compartmental,General (theoretical model)
114,34843552,Yes,Compartmental,Covid-19
115,34841129,Yes,Compartmental,General (theoretical model)
116,34837982,Yes,Time Series,Covid-19
117,34836505,Yes,Time Series,Malaria
118,34835173,Yes,Spatiotemporal,Covid-19
120,34832531,Yes,Time Series,Multiple different agents
121,34831862,Yes,Time Series,Dengue
122,34831706,Yes,Compartmental,Covid-19
123,34831508,Yes,Compartmental,Covid-19
124,34829277,Yes,Time Series,Multiple different agents
125,34828565,Yes,Agent-based,Covid-19
126,34828458,Yes,Agent-based,Covid-19
128,34826084,Yes,Spatiotemporal,Covid-19
129,34818345,Yes,Compartmental,Covid-19
130,34816266,Yes,Agent-based,Covid-19
131,34815816,Yes,Time Series,Covid-19
132,34815733,Yes,Time Series,Covid-19
133,34815624,Yes,Compartmental,Covid-19
134,34815616,Yes,Compartmental,Covid-19
135,34814729,Yes,Compartmental,Covid-19
136,34814365,Yes,Compartmental,Covid-19
137,34814357,Yes,Compartmental,Covid-19
138,34814354,Yes,Compartmental,General (theoretical model)
139,34814349,Yes,Compartmental,General (theoretical model)
140,34814328,Yes,Compartmental,Covid-19
141,34814304,Yes,Compartmental,Cholera
142,34814270,Yes,Compartmental,Covid-19
143,34814269,Yes,Agent-based,HIV
144,34812421,Yes,Time Series,Covid-19
146,34812227,Yes,Compartmental,General (theoretical model)
147,34812204,Yes,Compartmental,Covid-19
149,34809606,Yes,Time Series,Japanese encephalitis
150,34809601,Yes,Time Series,Schistomiasis
151,34807943,Yes,Agent-based,Covid-19
152,34803221,Yes,Compartmental,Covid-19
153,34803213,Yes,Compartmental,General (theoretical model)
154,34803189,Yes,Compartmental,General (theoretical model)
155,34802276,Yes,Agent-based,General (theoretical model)
156,34802273,Yes,Compartmental,Covid-19
157,34802272,Yes,Compartmental,Covid-19
158,34801694,Yes,Time Series,Unspecified (super-category)
159,34798545,Yes,Agent-based,Covid-19
160,34798328,Yes,Time Series,Covid-19
161,34797862,Yes,Agent-based,Covid-19
162,34797822,Yes,Spatiotemporal,Vector
163,34795464,Yes,Compartmental,Covid-19
164,34795311,Yes,Compartmental,Covid-19
165,34793543,Yes,Compartmental,Covid-19
166,34793526,Yes,Compartmental,Covid-19
167,34790985,Yes,Agent-based,Covid-19
168,34790983,Yes,Spatiotemporal,Covid-19
169,34786559,Yes,Compartmental,Covid-19
170,34786422,Yes,Multiple,Covid-19
171,34786328,Yes,Spatiotemporal,Covid-19
172,34786314,Yes,Spatiotemporal,Covid-19
173,34785913,Yes,Time Series,Multiple different agents
174,34785556,Yes,Compartmental,Covid-19
175,34784379,Yes,Compartmental,Covid-19
176,34784350,Yes,Time Series,Leprosy
177,34782854,Yes,Spatiotemporal,Covid-19
179,34781241,Yes,Time Series,RSV
180,34777944,Yes,Compartmental,General (theoretical model)
181,34776626,Yes,Compartmental,Covid-19
182,34774336,Yes,Agent-based,General (theoretical model)
183,34774261,Yes,Time Series,Covid-19
184,34774256,Yes,Spatiotemporal,TB and mycobacteria
185,34773169,Yes,Compartmental,General (theoretical model)
186,34770108,Yes,Multiple,Covid-19
187,34769597,Yes,Time Series,Covid-19
188,34767837,Yes,Time Series,Unspecified (super-category)
189,34767822,Yes,Time Series,Covid-19
190,34764609,Yes,Agent-based,Covid-19
191,34764608,Yes,Time Series,Covid-19
192,34764599,Yes,Compartmental,Covid-19
193,34764595,Yes,Compartmental,Covid-19
194,34764586,Yes,Compartmental,Covid-19
195,34764574,Yes,Compartmental,Covid-19
196,34764566,Yes,Compartmental,Covid-19
197,34761122,Yes,Compartmental,General (theoretical model)
198,34760863,Yes,Compartmental,Covid-19
199,34759500,Yes,Agent-based,Covid-19
200,34758451,Yes,Spatiotemporal,Covid-19
201,34758027,Yes,Spatiotemporal,Resistant bacteria
203,34754025,Yes,Agent-based,Covid-19
204,34750353,Yes,Spatiotemporal,Covid-19
205,34749630,Yes,Compartmental,Dengue
206,34746912,Yes,Agent-based,Covid-19
207,34745489,Yes,Compartmental,Covid-19
208,34744295,Yes,Spatiotemporal,Covid-19
209,34744294,Yes,Spatiotemporal,Covid-19
210,34744261,Yes,Compartmental,Covid-19
212,34742106,Yes,Compartmental,Covid-19
213,34741093,Yes,Time Series,Covid-19
214,34737875,Yes,Agent-based,Covid-19
215,34737874,Yes,Spatiotemporal,Covid-19
216,34737861,Yes,Time Series,Schistomiasis
217,34734836,Yes,Time Series,Influenza illnesses
218,34732390,Yes,Time Series,Covid-19
219,34731173,Yes,Time Series,Covid-19
220,34730319,Yes,Spatiotemporal,Severe fever with thrombocytopenia syndrome
221,34729570,Yes,Agent-based,Covid-19
222,34728898,Yes,Spatiotemporal,Covid-19
223,34725416,Yes,Time Series,Covid-19
224,34725323,Yes,Compartmental,Covid-19
225,34723982,Yes,Time Series,Multiple different agents
226,34722775,Yes,Time Series,Covid-19
227,34722381,Yes,Spatiotemporal,Hepatitis B
228,34722098,Yes,Spatiotemporal,Covid-19
229,34722097,Yes,Compartmental,General (theoretical model)
230,34717286,Yes,Compartmental,Covid-19
231,34714848,Yes,Compartmental,General (theoretical model)
232,34714336,Yes,Time Series,Clostridioides difficile
233,34713620,Yes,Time Series,HIV
234,34711190,Yes,Compartmental,Covid-19
235,34710181,Yes,Multiple,Covid-19
236,34710158,Yes,Agent-based,Covid-19
237,34710090,Yes,Agent-based,Covid-19
238,34707682,Yes,Compartmental,Influenza illnesses
239,34705832,Yes,Spatiotemporal,General (theoretical model)
240,34705827,Yes,Multiple,Taenia solium
241,34703506,Yes,Compartmental,Covid-19
242,34703071,Yes,Spatiotemporal,Covid-19
243,34698657,Yes,Time Series,Covid-19
244,34697579,Yes,Compartmental,Covid-19
245,34697362,Yes,Spatiotemporal,Covid-19
246,34696288,Yes,Compartmental,Covid-19
247,34696203,Yes,Compartmental,Influenza illnesses
248,34695427,Yes,Spatiotemporal,Covid-19
249,34693036,Yes,Time Series,TB and mycobacteria
250,34692627,Yes,Time Series,Covid-19
251,34690462,Yes,Time Series,Covid-19
252,34690447,Yes,Time Series,Covid-19
253,34690432,Yes,Time Series,Covid-19
254,34690384,Yes,Compartmental,Covid-19
255,34688498,Yes,Compartmental,Covid-19
256,34684215,Yes,Compartmental,Covid-19
257,34682590,Yes,Time Series,Influenza illnesses
259,34681090,Yes,Compartmental,Covid-19
261,34680688,Yes,Spatiotemporal,Vector
262,34679972,Yes,Spatiotemporal,West Nile virus
263,34678482,Yes,Agent-based,Covid-19
264,34676263,Yes,Compartmental,Covid-19
265,34674754,Yes,Compartmental,Influenza illnesses
266,34671103,Yes,Compartmental,Covid-19
268,34666740,Yes,Compartmental,Covid-19
269,34664000,Yes,Time Series,Covid-19
270,34663839,Yes,Compartmental,General (theoretical model)
271,34663279,Yes,Compartmental,Covid-19
272,34659872,Yes,Compartmental,General (theoretical model)
273,34658536,Yes,Time Series,Covid-19
274,34658535,Yes,Compartmental,Covid-19
275,34653544,Yes,Compartmental,Covid-19
276,34650119,Yes,Time Series,Covid-19
277,34650108,Yes,Spatiotemporal,Unspecified (super-category)
278,34648492,Yes,Time Series,Unspecified (super-category)
279,34647628,Yes,Time Series,Covid-19
280,34646730,Yes,Spatiotemporal,Covid-19
281,34646110,Yes,Time Series,Covid-19
282,34644777,Yes,Time Series,Syphilis
283,34642701,Yes,Time Series,Covid-19
284,34642614,Yes,Agent-based,General (theoretical model)
285,34642405,Yes,Compartmental,Covid-19
286,34640986,Yes,Agent-based,Covid-19
287,34639848,Yes,Compartmental,Covid-19
288,34636415,Yes,Spatiotemporal,Mumps
289,34635375,Yes,Time Series,Rotavirus
290,34630745,Yes,Multiple,Covid-19
291,34629206,Yes,Spatiotemporal,Polio
292,34627998,Yes,Agent-based,HIV
293,34627477,Yes,Time Series,Malaria
294,34627189,Yes,Spatiotemporal,TB and mycobacteria
295,34625589,Yes,Spatiotemporal,Malaria
296,34624026,Yes,Spatiotemporal,West Nile virus
297,34622758,Yes,Compartmental,Covid-19
298,34622186,Yes,Time Series,RSV
299,34613527,Yes,Spatiotemporal,Covid-19
300,34611630,Yes,Time Series,Multiple different agents
301,34611391,Yes,Spatiotemporal,Covid-19
302,34611386,Yes,Compartmental,Covid-19
303,34608351,Yes,Compartmental,Covid-19
304,34608201,Yes,Compartmental,Covid-19
305,34607866,Yes,Spatiotemporal,Covid-19
306,34607399,Yes,Compartmental,Covid-19
307,34606524,Yes,Agent-based,Covid-19
308,34606503,Yes,Compartmental,Covid-19
309,34604831,Yes,Time Series,Covid-19
310,34601321,Yes,Multiple,Covid-19
311,34600500,Yes,Compartmental,General (theoretical model)
312,34600485,Yes,Time Series,Covid-19
313,34599162,Yes,Spatiotemporal,Lassa fever
314,34595708,Yes,Spatiotemporal,Covid-19
315,34592277,Yes,Multiple,Covid-19
316,34591897,Yes,Compartmental,Covid-19
317,34588487,Yes,Compartmental,General (theoretical model)
319,34586304,Yes,Spatiotemporal,Dengue
320,34585031,Yes,Compartmental,Syphilis
321,34585030,Yes,Compartmental,General (theoretical model)
322,34584428,Yes,Time Series,Covid-19
323,34583564,Yes,Time Series,General (theoretical model)
324,34580569,Yes,Spatiotemporal,Influenza illnesses
325,34575666,Yes,Multiple,Covid-19
326,34574996,Yes,Compartmental,General (theoretical model)
327,34574785,Yes,Compartmental,Covid-19
328,34574592,Yes,Spatiotemporal,Borrelia burgdorferi
329,34574459,Yes,Spatiotemporal,Leishmaniasis
330,34574418,Yes,Compartmental,Dengue
331,34573860,Yes,Compartmental,General (theoretical model)
332,34568837,Yes,Time Series,Covid-19
333,34568179,Yes,Time Series,Mumps
334,34567593,Yes,Compartmental,Covid-19
335,34567282,Yes,Time Series,Covid-19
336,34566882,Yes,Compartmental,General (theoretical model)
337,34566221,Yes,Multiple,General (theoretical model)
338,34565255,Yes,Agent-based,Syphilis
340,34559815,Yes,Compartmental,General (theoretical model)
341,34556681,Yes,Multiple,Covid-19
342,34552726,Yes,Time Series,Covid-19
343,34552139,Yes,Agent-based,Covid-19
344,34551108,Yes,Compartmental,Influenza illnesses
345,34550488,Yes,Compartmental,General (theoretical model)
346,34550465,Yes,Compartmental,General (theoretical model)
347,34548702,Yes,Time Series,Covid-19
348,34547363,Yes,Compartmental,Covid-19
349,34541519,Yes,Time Series,Covid-19
350,34539296,Yes,Compartmental,General (theoretical model)
351,34538991,Yes,Compartmental,Covid-19
352,34538699,Yes,Compartmental,Covid-19
353,34534205,Yes,Agent-based,Covid-19
354,34529036,Yes,Agent-based,General (theoretical model)
355,34527265,Yes,Compartmental,Covid-19
356,34525112,Yes,Compartmental,Covid-19
357,34521916,Yes,Compartmental,Covid-19
358,34520691,Yes,Time Series,Dengue
359,34517561,Yes,Compartmental,General (theoretical model)
360,34517543,Yes,Compartmental,Covid-19
361,34517515,Yes,Compartmental,Covid-19
362,34517509,Yes,Compartmental,General (theoretical model)
363,34514293,Yes,Agent-based,Covid-19
364,34514179,Yes,Compartmental,Covid-19
365,34513550,Yes,Time Series,Covid-19
366,34512113,Yes,Compartmental,Covid-19
367,34512104,Yes,Spatiotemporal,Covid-19
368,34511751,Yes,Time Series,Covid-19
369,34511724,Yes,Time Series,Covid-19
370,34511711,Yes,Agent-based,Covid-19
371,34510006,Yes,Time Series,Gonorrhea
372,34508349,Yes,Time Series,Covid-19
373,34507859,Yes,Compartmental,Covid-19
374,34501616,Yes,Compartmental,Covid-19
375,34499681,Yes,Multiple,Covid-19
376,34497742,Yes,Compartmental,Covid-19
377,34496857,Yes,Spatiotemporal,General (theoretical model)
378,34495965,Yes,Compartmental,Covid-19
379,34494561,Yes,Spatiotemporal,TB and mycobacteria
380,34493935,Yes,Compartmental,General (theoretical model)
381,34493902,Yes,Compartmental,Covid-19
382,34493510,Yes,Compartmental,Covid-19
383,34493272,Yes,Compartmental,Lumpy skin disease
384,34493226,Yes,Compartmental,Covid-19
385,34485738,Yes,Agent-based,Influenza illnesses
386,34483725,Yes,Compartmental,Covid-19
387,34483720,Yes,Compartmental,Covid-19
388,34482186,Yes,Compartmental,Covid-19
389,34482101,Yes,Time Series,Covid-19
390,34480062,Yes,Spatiotemporal,Covid-19
391,34478923,Yes,Compartmental,Covid-19
392,34474189,Yes,Compartmental,Covid-19
393,34473809,Yes,Compartmental,Covid-19
394,34473711,Yes,Time Series,Covid-19
395,34469429,Yes,Agent-based,Covid-19
396,34466764,Yes,Spatiotemporal,Covid-19
397,34466760,Yes,Time Series,HFMD
398,34458082,Yes,Time Series,Covid-19
399,34456557,Yes,Compartmental,Covid-19
400,34456533,Yes,Compartmental,General (theoretical model)
401,34456179,Yes,Time Series,Covid-19
402,34452040,Yes,Compartmental,Covid-19
403,34449743,Yes,Compartmental,Ebola
404,34449629,Yes,Compartmental,Covid-19
405,34449401,Yes,Time Series,Covid-19
406,34446011,Yes,Agent-based,Covid-19
407,34444409,Yes,Time Series,Covid-19
408,34437531,Yes,Agent-based,Covid-19
409,34433096,Yes,Time Series,Ebola
410,34428971,Yes,Compartmental,Covid-19
411,34428950,Yes,Agent-based,Covid-19
412,34428329,Yes,Time Series,Covid-19
413,34428212,Yes,Spatiotemporal,HFMD
414,34426808,Yes,Time Series,Malaria
415,34426804,Yes,Compartmental,Covid-19
416,34426791,Yes,Time Series,Covid-19
417,34425301,Yes,Agent-based,Covid-19
418,34425136,Yes,Compartmental,Covid-19
419,34421125,Yes,Compartmental,Covid-19
420,34419601,Yes,Compartmental,General (theoretical model)
421,34415941,Yes,Spatiotemporal,General (theoretical model)
422,34414342,Yes,Compartmental,Covid-19
423,34414067,Yes,Spatiotemporal,Covid-19
424,34413555,Yes,Time Series,Covid-19
425,34412581,Yes,Time Series,HFRS
426,34411182,Yes,Time Series,Covid-19
427,34408076,Yes,Compartmental,Covid-19
428,34407487,Yes,Time Series,Covid-19
429,34407115,Yes,Agent-based,Covid-19
430,34407105,Yes,Agent-based,Covid-19
431,34403783,Yes,Time Series,Covid-19
432,34401893,Yes,Agent-based,Covid-19
433,34401401,Yes,Compartmental,Covid-19
434,34401224,Yes,Compartmental,Covid-19
435,34397825,Yes,Time Series,Covid-19
436,34396152,Yes,Compartmental,General (theoretical model)
437,34395364,Yes,Spatiotemporal,Covid-19
438,34395158,Yes,Compartmental,Covid-19
439,34394298,Yes,Time Series,Covid-19
440,34393387,Yes,Compartmental,Covid-19
441,34393261,Yes,Time Series,Covid-19
442,34391402,Yes,Spatiotemporal,Covid-19
443,34384411,Yes,Compartmental,Influenza illnesses
444,34383788,Yes,Spatiotemporal,Syphilis
445,34381100,Yes,Compartmental,Covid-19
446,34381096,Yes,Compartmental,General (theoretical model)
447,34380721,Yes,Spatiotemporal,Covid-19
448,34379641,Yes,Spatiotemporal,Dengue
449,34377879,Yes,Spatiotemporal,Covid-19
450,34377623,Yes,Compartmental,Covid-19
451,34376920,Yes,Time Series,Covid-19
452,34375559,Yes,Agent-based,West Nile virus
453,34374438,Yes,Compartmental,Covid-19
454,34373859,Yes,Agent-based,Covid-19
455,34370734,Yes,Agent-based,Dengue
456,34368752,Yes,Spatiotemporal,Covid-19
457,34362947,Yes,Agent-based,General (theoretical model)
458,34362936,Yes,Agent-based,Covid-19
459,34362150,Yes,Time Series,Multiple different agents
460,34360504,Yes,Agent-based,Covid-19
462,34358241,Yes,Time Series,Unspecified (super-category)
463,34358151,Yes,Compartmental,Covid-19
464,34356522,Yes,Compartmental,Covid-19
465,34354055,Yes,Agent-based,Covid-19
466,34353525,Yes,Spatiotemporal,Covid-19
467,34352565,Yes,Agent-based,Covid-19
468,34347175,Yes,Time Series,Covid-19
469,34347060,Yes,Agent-based,Resistant bacteria
470,34346897,Yes,Time Series,Covid-19
471,34345875,Yes,Agent-based,Covid-19
472,34344351,Yes,Time Series,RSV
473,34344318,Yes,Compartmental,Covid-19
475,34339424,Yes,Spatiotemporal,HFMD
476,34336986,Yes,Multiple,Covid-19
477,34335995,Yes,Compartmental,Covid-19
478,34335122,Yes,Time Series,Covid-19
479,34335018,Yes,Multiple,Covid-19
480,34334951,Yes,Compartmental,Covid-19
481,34334841,Yes,Compartmental,General (theoretical model)
482,34333119,Yes,Compartmental,Covid-19
483,34330988,Yes,Compartmental,Covid-19
484,34327356,Yes,Spatiotemporal,Chlamydia
486,34325230,Yes,Agent-based,Covid-19
487,34324605,Yes,Compartmental,Covid-19
488,34321897,Yes,Time Series,HFMD
490,34316402,Yes,Time Series,Covid-19
491,34312573,Yes,Agent-based,Covid-19
492,34312473,Yes,Compartmental,Covid-19
493,34312227,Yes,Compartmental,Covid-19
494,34310614,Yes,Agent-based,Dengue
495,34310589,Yes,Agent-based,Covid-19
496,34308400,Yes,Compartmental,Covid-19
497,34307999,Yes,Compartmental,Covid-19
498,34307826,Yes,Time Series,Covid-19
499,34307007,Yes,Spatiotemporal,Covid-19
500,34306043,Yes,Agent-based,Measles
501,34305445,Yes,Compartmental,Covid-19
502,34303266,Yes,Compartmental,Covid-19
503,34302820,Yes,Compartmental,Covid-19
504,34300045,Yes,Compartmental,Covid-19
505,34299945,Yes,Compartmental,Covid-19
506,34299889,Yes,Spatiotemporal,Influenza illnesses
507,34291032,Yes,Compartmental,Covid-19
508,34291025,Yes,Time Series,Covid-19
509,34288969,Yes,Time Series,Covid-19
510,34288925,Yes,Time Series,Influenza illnesses
511,34285082,Yes,Spatiotemporal,Covid-19
512,34283832,Yes,Spatiotemporal,Covid-19
513,34282250,Yes,Compartmental,Covid-19
514,34281057,Yes,Spatiotemporal,Influenza illnesses
515,34277860,Yes,Spatiotemporal,Malaria
516,34277349,Yes,Spatiotemporal,Covid-19
517,34277332,Yes,Spatiotemporal,Covid-19
518,34277145,Yes,Time Series,Covid-19
519,34276139,Yes,Compartmental,Covid-19
520,34276115,Yes,Spatiotemporal,Covid-19
521,34276105,Yes,Agent-based,Covid-19
522,34274896,Yes,Agent-based,Covid-19
523,34274126,Yes,Compartmental,Covid-19
524,34269629,Yes,Compartmental,Covid-19
525,34269173,Yes,Time Series,Covid-19
526,34268517,Yes,Compartmental,Covid-19
527,34262958,Yes,Compartmental,African trypanosomiasis
528,34260633,Yes,Compartmental,Covid-19
529,34260584,Yes,Compartmental,Rabies/ Lyssavirus
530,34258483,Yes,Agent-based,Covid-19
531,34257350,Yes,Agent-based,Covid-19
532,34255985,Yes,Compartmental,Covid-19
533,34254048,Yes,Time Series,Covid-19
534,34253835,Yes,Spatiotemporal,General (theoretical model)
535,34253768,Yes,Time Series,Covid-19
536,34253340,Yes,Time Series,Covid-19
537,34252083,Yes,Agent-based,Covid-19
538,34249495,Yes,Time Series,Covid-19
539,34249124,Yes,Compartmental,Covid-19
540,34248448,Yes,Time Series,Covid-19
541,34245886,Yes,Time Series,Multiple different agents
542,34245814,Yes,Agent-based,Covid-19
543,34244764,Yes,Compartmental,Covid-19
544,34242278,Yes,Compartmental,Covid-19
545,34233967,Yes,Time Series,Influenza illnesses
546,34233622,Yes,Compartmental,Influenza illnesses
547,34230906,Yes,Multiple,Covid-19
548,34230688,Yes,Spatiotemporal,Covid-19
549,34230582,Yes,Spatiotemporal,Covid-19
550,34228758,Yes,Multiple,Ebola
551,34226872,Yes,Compartmental,Covid-19
552,34226787,Yes,Compartmental,Covid-19
554,34226756,Yes,Compartmental,Covid-19
555,34226649,Yes,Compartmental,Covid-19
556,34225650,Yes,Compartmental,HFMD
557,34222840,Yes,Multiple,Covid-19
558,34221823,Yes,Compartmental,Covid-19
559,34221247,Yes,Compartmental,General (theoretical model)
560,34218862,Yes,Compartmental,Covid-19
561,34218344,Yes,Compartmental,General (theoretical model)
562,34216636,Yes,Compartmental,Covid-19
563,34216635,Yes,Compartmental,Covid-19
565,34211113,Yes,Spatiotemporal,Covid-19
567,34205809,Yes,Time Series,Covid-19
568,34203491,Yes,Spatiotemporal,Leptospirosis
569,34202504,Yes,Spatiotemporal,TB and mycobacteria
570,34200681,Yes,Spatiotemporal,Covid-19
571,34199996,Yes,Spatiotemporal,Malaria
572,34198418,Yes,Agent-based,HIV
573,34198391,Yes,Compartmental,Covid-19
574,34198385,Yes,Compartmental,Covid-19
575,34192228,Yes,Time Series,Covid-19
576,34188432,Yes,Compartmental,Covid-19
577,34188342,Yes,Compartmental,General (theoretical model)
578,34188073,Yes,Spatiotemporal,Aspergillus
579,34187546,Yes,Spatiotemporal,Vector
581,34182972,Yes,Time Series,Covid-19
582,34179672,Yes,Multiple,Covid-19
583,34178594,Yes,Time Series,Covid-19
584,34177316,Yes,Compartmental,Covid-19
585,34176979,Yes,Compartmental,Covid-19
586,34176029,Yes,Compartmental,General (theoretical model)
587,34173890,Yes,Compartmental,Covid-19
588,34162780,Yes,Time Series,Covid-19
589,34162708,Yes,Spatiotemporal,Covid-19
590,34162556,Yes,Spatiotemporal,RSV
591,34162451,Yes,Time Series,Covid-19
592,34161908,Yes,Agent-based,Covid-19
593,34156966,Yes,Time Series,Covid-19
594,34155422,Yes,Agent-based,General (theoretical model)
595,34154551,Yes,Time Series,Unspecified (super-category)
596,34153840,Yes,Spatiotemporal,Leptospirosis
597,34153623,Yes,Compartmental,Covid-19
598,34151134,Yes,Spatiotemporal,Covid-19
599,34150986,Yes,Compartmental,Covid-19
600,34149967,Yes,Compartmental,Covid-19
601,34149835,Yes,Compartmental,Covid-19
602,34149279,Yes,Compartmental,Covid-19
603,34149236,Yes,Compartmental,Covid-19
604,34149148,Yes,Spatiotemporal,Covid-19
605,34143771,Yes,Spatiotemporal,Chikungunya
606,34140873,Yes,Time Series,Dengue
607,34138911,Yes,Compartmental,General (theoretical model)
608,34136660,Yes,Compartmental,Covid-19
609,34136653,Yes,Compartmental,Covid-19
610,34132978,Yes,Agent-based,Covid-19
611,34131877,Yes,Time Series,Covid-19
612,34131557,Yes,Compartmental,Covid-19
613,34129608,Yes,Compartmental,Covid-19
614,34127952,Yes,Compartmental,General (theoretical model)
615,34127946,Yes,Compartmental,Covid-19
616,34127757,Yes,Agent-based,Covid-19
617,34127000,Yes,Spatiotemporal,Covid-19
618,34123716,Yes,Agent-based,Covid-19
619,34123390,Yes,Agent-based,Covid-19
620,34121818,Yes,Spatiotemporal,Covid-19
622,34115791,Yes,Spatiotemporal,Covid-19
623,34115753,Yes,Spatiotemporal,Dengue
624,34113657,Yes,Compartmental,Covid-19
625,34112588,Yes,Compartmental,Covid-19
626,34112587,Yes,Compartmental,Covid-19
627,34111117,Yes,Time Series,Dengue
628,34108815,Yes,Compartmental,Covid-19
629,34107917,Yes,Compartmental,Covid-19
630,34106977,Yes,Time Series,Unspecified (super-category)
631,34105632,Yes,Time Series,Covid-19
632,34104256,Yes,Time Series,Covid-19
633,34103789,Yes,Compartmental,General (theoretical model)
634,34103780,Yes,Compartmental,Covid-19
635,34103325,Yes,Spatiotemporal,Covid-19
636,34102403,Yes,Agent-based,Covid-19
637,34101040,Yes,Compartmental,General (theoretical model)
638,34098885,Yes,Compartmental,Covid-19
639,34097433,Yes,Agent-based,Covid-19
640,34095599,Yes,Compartmental,Covid-19
641,34094819,Yes,Compartmental,Covid-19
642,34094795,Yes,Compartmental,Covid-19
643,34092919,Yes,Compartmental,Covid-19
644,34092918,Yes,Compartmental,Covid-19
645,34091584,Yes,Agent-based,HIV
646,34086877,Yes,Agent-based,Covid-19
647,34086772,Yes,Spatiotemporal,Influenza illnesses
648,34083582,Yes,Agent-based,Malaria
649,34079304,Yes,Time Series,TB and mycobacteria
651,34077483,Yes,Compartmental,Covid-19
652,34076627,Yes,Time Series,Covid-19
653,34075326,Yes,Compartmental,General (theoretical model)
654,34075198,Yes,Time Series,Brucellosis
655,34075157,Yes,Spatiotemporal,Malaria
656,34073946,Yes,Agent-based,Covid-19
657,34073810,Yes,Compartmental,Covid-19
658,34073465,Yes,Agent-based,Covid-19
659,34073319,Yes,Time Series,Malaria
660,34071801,Yes,Time Series,Covid-19
661,34071047,Yes,Agent-based,Covid-19
662,34070616,Yes,Time Series,Covid-19
663,34070039,Yes,Spatiotemporal,Vector
664,34067128,Yes,Compartmental,Covid-19
665,34066231,Yes,Compartmental,Covid-19
666,34064738,Yes,Spatiotemporal,Malaria
667,34063465,Yes,Compartmental,Covid-19
668,34063073,Yes,Spatiotemporal,HFMD
669,34061203,Yes,Time Series,Covid-19
670,34059063,Yes,Spatiotemporal,Covid-19
671,34058004,Yes,Time Series,Covid-19
672,34054336,Yes,Spatiotemporal,Covid-19
673,34054229,Yes,Compartmental,Covid-19
674,34053271,Yes,Time Series,Covid-19
675,34053265,Yes,Compartmental,Covid-19
676,34053258,Yes,Compartmental,Covid-19
677,34053255,Yes,Compartmental,Covid-19
678,34052665,Yes,Agent-based,Influenza illnesses
679,34049993,Yes,Spatiotemporal,Covid-19
680,34048904,Yes,Spatiotemporal,Covid-19
682,34045593,Yes,Spatiotemporal,General (theoretical model)
683,34045002,Yes,Time Series,Unspecified (super-category)
684,34044880,Yes,Spatiotemporal,Vector
685,34043676,Yes,Compartmental,Covid-19
686,34043172,Yes,Time Series,Covid-19
687,34040494,Yes,Compartmental,Covid-19
688,34040093,Yes,Spatiotemporal,Covid-19
689,34039413,Yes,Time Series,Trichinellosis
690,34039289,Yes,Compartmental,Covid-19
691,34035086,Yes,Compartmental,Covid-19
693,34031465,Yes,Compartmental,Covid-19
694,34031114,Yes,Spatiotemporal,Covid-19
695,34030332,Yes,Time Series,Covid-19
696,34027263,Yes,Spatiotemporal,Covid-19
697,34026472,Yes,Time Series,Covid-19
698,34026471,Yes,Compartmental,Covid-19
699,34026423,Yes,Compartmental,Covid-19
700,34022420,Yes,Compartmental,Covid-19
701,34019589,Yes,Compartmental,Covid-19
702,34019561,Yes,Agent-based,Covid-19
703,34019536,Yes,Spatiotemporal,Dengue
704,34017008,Yes,Agent-based,Covid-19
705,34016439,Yes,Time Series,Covid-19
706,34015676,Yes,Time Series,Covid-19
707,34015667,Yes,Time Series,Unspecified (super-category)
708,34012470,Yes,Time Series,Covid-19
709,34011491,Yes,Time Series,Covid-19
710,34007250,Yes,Compartmental,Covid-19
711,34006346,Yes,Compartmental,Covid-19
712,34006343,Yes,Time Series,Covid-19
713,34002294,Yes,Compartmental,Covid-19
714,34002127,Yes,Compartmental,Covid-19
715,34002125,Yes,Compartmental,Covid-19
716,34001685,Yes,Time Series,HIV
717,34001251,Yes,Compartmental,Covid-19
719,33996402,Yes,Compartmental,Covid-19
720,33994895,Yes,Time Series,Covid-19
721,33994677,Yes,Compartmental,General (theoretical model)
722,33994664,Yes,Compartmental,General (theoretical model)
723,33994652,Yes,Spatiotemporal,Covid-19
724,33993870,Yes,Time Series,Unspecified (super-category)
725,33993161,Yes,Agent-based,Gonorrhea
726,33991293,Yes,Agent-based,General (theoretical model)
727,33989292,Yes,Time Series,Leptospirosis
728,33988707,Yes,Agent-based,Covid-19
729,33986347,Yes,Compartmental,General (theoretical model)
730,33984687,Yes,Compartmental,Covid-19
731,33983966,Yes,Compartmental,Ebola
732,33983953,Yes,Time Series,Covid-19
733,33980920,Yes,Compartmental,Covid-19
734,33980718,Yes,Agent-based,Covid-19
735,33980401,Yes,Spatiotemporal,Covid-19
736,33977079,Yes,Compartmental,Covid-19
737,33972270,Yes,Compartmental,Covid-19
738,33971429,Yes,Compartmental,Covid-19
739,33971307,Yes,Compartmental,Covid-19
740,33968871,Yes,Compartmental,Covid-19
741,33968462,Yes,Compartmental,Covid-19
742,33967408,Yes,Compartmental,Covid-19
743,33965636,Yes,Compartmental,Covid-19
744,33963259,Yes,Compartmental,Covid-19
745,33962683,Yes,Compartmental,Covid-19
746,33962563,Yes,Time Series,Covid-19
747,33959371,Yes,Compartmental,Covid-19
748,33958443,Yes,Compartmental,Covid-19
749,33956249,Yes,Compartmental,Covid-19
750,33948613,Yes,Agent-based,Covid-19
751,33942171,Yes,Compartmental,General (theoretical model)
752,33942002,Yes,Time Series,Covid-19
753,33941073,Yes,Time Series,Unspecified (super-category)
754,33937735,Yes,Agent-based,Covid-19
755,33937734,Yes,Compartmental,Covid-19
756,33937179,Yes,Time Series,Covid-19
757,33936325,Yes,Time Series,Covid-19
758,33935582,Yes,Compartmental,Covid-19
759,33935381,Yes,Compartmental,Covid-19
760,33933229,Yes,Compartmental,Covid-19
761,33933228,Yes,Compartmental,Covid-19
762,33933085,Yes,Spatiotemporal,Malaria
763,33930762,Yes,Agent-based,Covid-19
764,33928902,Yes,Spatiotemporal,Measles
765,33926892,Yes,Spatiotemporal,Covid-19
766,33925650,Yes,Agent-based,Covid-19
767,33923094,Yes,Time Series,Covid-19
768,33921934,Yes,Compartmental,Covid-19
769,33921152,Yes,Compartmental,Covid-19
770,33920027,Yes,Agent-based,Covid-19
771,33919501,Yes,Compartmental,General (theoretical model)
772,33917544,Yes,Time Series,Covid-19
773,33915940,Yes,Time Series,Covid-19
774,33915790,Yes,Spatiotemporal,Covid-19
775,33915478,Yes,Agent-based,Covid-19
776,33915272,Yes,Time Series,Covid-19
777,33915160,Yes,Compartmental,Covid-19
778,33914758,Yes,Time Series,Covid-19
779,33911131,Yes,Agent-based,Covid-19
780,33907222,Yes,Compartmental,Covid-19
781,33904344,Yes,Agent-based,TB and mycobacteria
782,33902631,Yes,Time Series,HIV
783,33900932,Yes,Time Series,Covid-19
784,33900929,Yes,Compartmental,Covid-19
785,33899348,Yes,Agent-based,TB and mycobacteria
786,33899097,Yes,Time Series,Covid-19
787,33899039,Yes,Compartmental,Covid-19
788,33898884,Yes,Compartmental,Covid-19
789,33898377,Yes,Spatiotemporal,Covid-19
790,33897087,Yes,Compartmental,Covid-19
791,33893279,Yes,Spatiotemporal,Covid-19
792,33892579,Yes,Compartmental,Dengue
793,33892539,Yes,Agent-based,HIV
794,33891608,Yes,Spatiotemporal,Leishmaniasis
795,33887314,Yes,Agent-based,Covid-19
796,33886669,Yes,Time Series,Influenza illnesses
797,33886486,Yes,Time Series,Covid-19
798,33882066,Yes,Agent-based,Covid-19
799,33882025,Yes,Time Series,Covid-19
800,33880423,Yes,Compartmental,Covid-19
801,33880323,Yes,Compartmental,Covid-19
802,33879824,Yes,Time Series,Covid-19
803,33878351,Yes,Agent-based,Covid-19
804,33877537,Yes,Time Series,Unspecified (super-category)
806,33875751,Yes,Spatiotemporal,Covid-19
807,33872188,Yes,Agent-based,Covid-19
808,33868908,Yes,Spatiotemporal,Covid-19
809,33868907,Yes,Compartmental,Covid-19
810,33867699,Yes,Compartmental,General (theoretical model)
811,33864970,Yes,Compartmental,Covid-19
812,33864137,Yes,Compartmental,General (theoretical model)
813,33863575,Yes,Compartmental,Measles
814,33862488,Yes,Time Series,Unspecified (super-category)
815,33862214,Yes,Time Series,Covid-19
816,33862212,Yes,Spatiotemporal,Covid-19
817,33862210,Yes,Agent-based,Covid-19
818,33859542,Yes,Agent-based,Covid-19
820,33858432,Yes,Agent-based,Malaria
821,33857607,Yes,Spatiotemporal,Influenza illnesses
822,33857499,Yes,Agent-based,Covid-19
823,33851007,Yes,Compartmental,General (theoretical model)
824,33851002,Yes,Agent-based,Resistant bacteria
825,33850668,Yes,Compartmental,Covid-19
826,33850666,Yes,Agent-based,Covid-19
827,33850441,Yes,Compartmental,Covid-19
828,33850338,Yes,Compartmental,Covid-19
829,33846378,Yes,Agent-based,Covid-19
830,33844636,Yes,Time Series,Covid-19
831,33841752,Yes,Compartmental,Covid-19
832,33841583,Yes,Compartmental,Covid-19
833,33840897,Yes,Compartmental,Covid-19
834,33840175,Yes,Multiple,Covid-19
835,33839712,Yes,Time Series,Covid-19
836,33838736,Yes,Spatiotemporal,Dengue
837,33838588,Yes,Agent-based,Chlamydia
838,33836017,Yes,Agent-based,Covid-19
839,33832451,Yes,Time Series,HIV
840,33827852,Yes,Time Series,Covid-19
841,33824850,Yes,Agent-based,General (theoretical model)
842,33823822,Yes,Agent-based,Covid-19
843,33822785,Yes,Compartmental,Covid-19
844,33821197,Yes,Time Series,Covid-19
845,33821142,Yes,Time Series,Covid-19
846,33817630,Yes,Compartmental,Covid-19
847,33816095,Yes,Spatiotemporal,Covid-19
848,33816084,Yes,Compartmental,Covid-19
849,33814968,Yes,Compartmental,Covid-19
850,33814655,Yes,Compartmental,General (theoretical model)
851,33812742,Yes,Agent-based,Covid-19
852,33805362,Yes,Agent-based,MERS
853,33802866,Yes,Time Series,Covid-19
854,33802501,Yes,Compartmental,Covid-19
855,33802247,Yes,Spatiotemporal,Covid-19
856,33801188,Yes,Time Series,General (theoretical model)
857,33800896,Yes,Compartmental,Covid-19
858,33799900,Yes,Spatiotemporal,Covid-19
859,33799289,Yes,Compartmental,Covid-19
860,33798755,Yes,Compartmental,Covid-19
861,33798208,Yes,Spatiotemporal,Bubonic plague
862,33798201,Yes,Time Series,HIV
863,33795723,Yes,Time Series,Covid-19
864,33794286,Yes,Compartmental,Covid-19
865,33793551,Yes,Compartmental,Covid-19
866,33791745,Yes,Spatiotemporal,Covid-19
867,33791738,Yes,Agent-based,Covid-19
868,33787909,Yes,Agent-based,Covid-19
869,33786413,Yes,Agent-based,Covid-19
870,33786024,Yes,Compartmental,Covid-19
871,33785291,Yes,Compartmental,Covid-19
872,33784882,Yes,Agent-based,General (theoretical model)
873,33784332,Yes,Compartmental,Covid-19
874,33784311,Yes,Multiple,Zika
875,33784239,Yes,Spatiotemporal,Covid-19
876,33783394,Yes,Time Series,General (theoretical model)
878,33781224,Yes,Compartmental,Covid-19
879,33780504,Yes,Compartmental,Covid-19
880,33780496,Yes,Spatiotemporal,Covid-19
881,33780443,Yes,Compartmental,Covid-19
882,33777668,Yes,Compartmental,Covid-19
883,33777127,Yes,Compartmental,Covid-19
884,33776559,Yes,Spatiotemporal,Covid-19
885,33774176,Yes,Compartmental,Covid-19
886,33772076,Yes,Agent-based,Covid-19
887,33765977,Yes,Compartmental,Covid-19
888,33764982,Yes,Compartmental,Covid-19
889,33763643,Yes,Time Series,Covid-19
890,33762613,Yes,Spatiotemporal,Covid-19
891,33758869,Yes,Compartmental,Covid-19
892,33758464,Yes,Compartmental,Covid-19
893,33755577,Yes,Compartmental,Covid-19
894,33750735,Yes,Agent-based,Covid-19
895,33746459,Yes,Compartmental,Covid-19
896,33746335,Yes,Time Series,Covid-19
897,33746320,Yes,Compartmental,Covid-19
898,33741734,Yes,Agent-based,Covid-19
899,33740904,Yes,Time Series,Brucellosis
900,33738825,Yes,Compartmental,Covid-19
901,33737555,Yes,Agent-based,Covid-19
902,33735290,Yes,Agent-based,Covid-19
903,33735223,Yes,Compartmental,General (theoretical model)
904,33734944,Yes,Compartmental,Small pox
905,33731722,Yes,Agent-based,Covid-19
907,33731053,Yes,Compartmental,Covid-19
908,33730035,Yes,Spatiotemporal,Covid-19
909,33727767,Yes,Compartmental,Covid-19
910,33727636,Yes,Time Series,Covid-19
911,33726787,Yes,Agent-based,Covid-19
912,33644499,Yes,Compartmental,Covid-19
913,33725011,Yes,Time Series,HFRS
914,33723312,Yes,Compartmental,Covid-19
915,33718314,Yes,Time Series,Covid-19
916,33688668,Yes,Agent-based,Covid-19
917,33720988,Yes,Compartmental,Covid-19
918,33719356,Yes,Compartmental,Ebola
919,33713616,Yes,Spatiotemporal,Unspecified (super-category)
920,33712416,Yes,Agent-based,Covid-19
921,33711969,Yes,Agent-based,Measles
922,33711939,Yes,Spatiotemporal,General (theoretical model)
923,33711799,Yes,Spatiotemporal,Covid-19
924,33709095,Yes,Compartmental,Covid-19
925,33707546,Yes,Compartmental,Covid-19
926,33706731,Yes,Agent-based,Malaria
927,33686377,Yes,Spatiotemporal,Covid-19
928,33612959,Yes,Compartmental,Covid-19
929,33558783,Yes,Compartmental,Covid-19
930,33551582,Yes,Compartmental,General (theoretical model)
931,33519124,Yes,Compartmental,Covid-19
932,33519102,Yes,Compartmental,Covid-19
933,33495675,Yes,Compartmental,Covid-19
934,33424141,Yes,Compartmental,Covid-19
935,33705424,Yes,Compartmental,Covid-19
936,33691815,Yes,Time Series,Covid-19
937,33690150,Yes,Time Series,Covid-19
938,33690143,Yes,Time Series,Covid-19
939,33688676,Yes,Agent-based,Covid-19
940,33612918,Yes,Compartmental,General (theoretical model)
941,33324027,Yes,Compartmental,General (theoretical model)
942,33686939,Yes,Spatiotemporal,Malaria
943,33686125,Yes,Spatiotemporal,Covid-19
944,33686075,Yes,Time Series,Covid-19
945,33684415,Yes,Time Series,Covid-19
946,33684126,Yes,Time Series,Rift valley fever
947,33682078,Yes,Compartmental,Covid-19
948,33678904,Yes,Compartmental,General (theoretical model)
949,33678199,Yes,Spatiotemporal,Covid-19
950,33676092,Yes,Time Series,TB and mycobacteria
951,33673819,Yes,Spatiotemporal,Covid-19
952,33672496,Yes,Agent-based,Rabies/ Lyssavirus
953,33671423,Yes,Spatiotemporal,HFMD
954,33667241,Yes,Compartmental,Covid-19
955,33667173,Yes,Compartmental,Covid-19
956,33666042,Yes,Time Series,Leprosy
957,33665042,Yes,Spatiotemporal,Covid-19
958,33623733,Yes,Compartmental,Covid-19
959,33623731,Yes,Compartmental,Covid-19
960,33520615,Yes,Compartmental,Covid-19
961,33661904,Yes,Spatiotemporal,Dengue
962,33661888,Yes,Compartmental,General (theoretical model)
963,33649692,Yes,Compartmental,Covid-19
964,33651819,Yes,Agent-based,Covid-19
965,33623480,Yes,Time Series,Covid-19
966,33614571,Yes,Spatiotemporal,Covid-19
967,33647029,Yes,Spatiotemporal,Malaria
968,33643810,Yes,Spatiotemporal,Covid-19
969,33643707,Yes,Compartmental,Covid-19
970,33643496,Yes,Time Series,Covid-19
971,33643473,Yes,Agent-based,Covid-19
972,33558794,Yes,Compartmental,Covid-19
973,33639138,Yes,Compartmental,General (theoretical model)
974,33637062,Yes,Compartmental,Covid-19
975,33635330,Yes,Agent-based,Clostridioides difficile
976,33634367,Yes,Compartmental,Adenovirus
978,33634045,Yes,Compartmental,Covid-19
979,33633517,Yes,Agent-based,Covid-19
980,33633491,Yes,Agent-based,Covid-19
981,33633275,Yes,Compartmental,Covid-19
982,33633250,Yes,Spatiotemporal,Covid-19
983,33619419,Yes,Compartmental,Covid-19
984,33612854,Yes,Compartmental,Covid-19
985,33630972,Yes,Time Series,Covid-19
986,33630966,Yes,Time Series,Covid-19
987,33628235,Yes,Time Series,Covid-19
988,33627165,Yes,Spatiotemporal,West Nile virus
989,33623817,Yes,Spatiotemporal,Covid-19
990,33623479,Yes,Compartmental,Covid-19
991,33520671,Yes,Compartmental,Covid-19
992,33622148,Yes,Compartmental,Covid-19
993,33622024,Yes,Compartmental,Covid-19
994,33553085,Yes,Time Series,Covid-19
995,33532246,Yes,Time Series,Covid-19
996,33391984,Yes,Compartmental,Covid-19
997,33619027,Yes,Compartmental,Covid-19
998,33618312,Yes,Time Series,Dengue
999,33614394,Yes,Compartmental,Covid-19
1000,33614060,Yes,Compartmental,General (theoretical model)
1001,33613667,Yes,Compartmental,Covid-19
1002,33613017,Yes,Compartmental,Covid-19
1003,33612999,Yes,Compartmental,Covid-19
1005,33495669,Yes,Compartmental,Covid-19
1006,33616635,Yes,Time Series,Covid-19
1007,33610582,Yes,Compartmental,Covid-19
1008,33610314,Yes,Compartmental,Covid-19
1009,33607970,Yes,Time Series,Rotavirus
1010,33606802,Yes,Compartmental,General (theoretical model)
1011,33606714,Yes,Agent-based,Covid-19
1012,33606684,Yes,Spatiotemporal,Covid-19
1013,33605421,Yes,Spatiotemporal,Covid-19
1014,33605383,Yes,Time Series,Covid-19
1015,33604654,Yes,Compartmental,Covid-19
1017,33603113,Yes,Compartmental,Covid-19
1018,33602959,Yes,Spatiotemporal,Dengue
1019,33602160,Yes,Spatiotemporal,Anthrax
1020,33564778,Yes,Agent-based,Covid-19
1021,33390874,Yes,Compartmental,Covid-19
1022,33600454,Yes,Spatiotemporal,Typhus
1023,33599037,Yes,Agent-based,General (theoretical model)
1024,33596871,Yes,Time Series,Mumps
1025,33596869,Yes,Spatiotemporal,HFMD
1026,33584158,Yes,Time Series,Covid-19
1027,33575412,Yes,Time Series,Covid-19
1028,33558855,Yes,Compartmental,Covid-19
1029,33519118,Yes,Compartmental,Covid-19
1030,33519117,Yes,Time Series,Covid-19
1031,33456212,Yes,Spatiotemporal,Covid-19
1032,33596247,Yes,Agent-based,Covid-19
1033,33595053,Yes,Agent-based,General (theoretical model)
1034,33594478,Yes,Compartmental,Covid-19
1035,33592029,Yes,Compartmental,Covid-19
1036,33580113,Yes,Spatiotemporal,Covid-19
1037,33579561,Yes,Time Series,Covid-19
1038,33579294,Yes,Spatiotemporal,Malaria
1039,33578006,Yes,Spatiotemporal,Salmonellosis
1040,33577573,Yes,Spatiotemporal,Rabies/ Lyssavirus
1041,33577564,Yes,Compartmental,General (theoretical model)
1042,33568082,Yes,Spatiotemporal,General (theoretical model)
1043,33564205,Yes,Spatiotemporal,Covid-19
1044,33562509,Yes,Compartmental,Covid-19
1045,33562465,Yes,Compartmental,Covid-19
1046,33558607,Yes,Time Series,Covid-19
1047,33557818,Yes,Time Series,Covid-19
1048,33556327,Yes,Spatiotemporal,Covid-19
1049,33553466,Yes,Compartmental,Covid-19
1050,33553058,Yes,Time Series,Multiple different agents
1051,33552151,Yes,Compartmental,Covid-19
1052,33551570,Yes,Compartmental,Covid-19
1053,33551528,Yes,Spatiotemporal,Covid-19
1054,33549166,Yes,Time Series,HIV
1055,33548552,Yes,Time Series,Influenza illnesses
1056,33546131,Yes,Spatiotemporal,Measles
1057,33521404,Yes,Time Series,Covid-19
1058,33544752,Yes,Time Series,HFMD
1059,33540378,Yes,Compartmental,Covid-19
1060,33532790,Yes,Agent-based,Covid-19
1061,33521407,Yes,Time Series,Covid-19
1062,33534810,Yes,Compartmental,General (theoretical model)
1063,33534784,Yes,Agent-based,Unspecified (super-category)
1064,33534755,Yes,Spatiotemporal,Dengue
1065,33531729,Yes,Compartmental,Multiple different agents
1066,33530563,Yes,Compartmental,Covid-19
1067,33530386,Yes,Spatiotemporal,Malaria
1068,33529565,Yes,Spatiotemporal,Vector
1069,33526950,Yes,Compartmental,General (theoretical model)
1070,33521186,Yes,Time Series,Covid-19
1071,33518773,Yes,Spatiotemporal,General (theoretical model)
1072,33442558,Yes,Compartmental,Covid-19
1073,33330884,Yes,Agent-based,Covid-19
1074,33525354,Yes,Time Series,Salmonellosis
1075,33525127,Yes,Compartmental,Covid-19
1076,33522669,Yes,Time Series,Covid-19
1077,33520905,Yes,Multiple,Covid-19
1078,33519302,Yes,Compartmental,Covid-19
1079,33519121,Yes,Compartmental,Covid-19
1080,33519119,Yes,Compartmental,Covid-19
1081,33515252,Yes,Agent-based,Covid-19
1082,33514771,Yes,Compartmental,Covid-19
1084,33513882,Yes,Time Series,Rabies/ Lyssavirus
1085,33513139,Yes,Compartmental,Covid-19
1086,33505808,Yes,Compartmental,Covid-19
1087,33508030,Yes,Compartmental,Covid-19
1088,33507932,Yes,Time Series,Covid-19
1089,33503938,Yes,Spatiotemporal,HIV
1090,33503063,Yes,Time Series,Unspecified (super-category)
1091,33501885,Yes,Compartmental,Covid-19
1092,33500445,Yes,Agent-based,General (theoretical model)
1093,33499138,Yes,Compartmental,Covid-19
1094,33495509,Yes,Spatiotemporal,Covid-19
1096,33489008,Yes,Spatiotemporal,Nocardia
1097,33486527,Yes,Spatiotemporal,General (theoretical model)
1099,33391987,Yes,Agent-based,Covid-19
1100,33484644,Yes,Agent-based,Covid-19
1101,33482526,Yes,Spatiotemporal,Covid-19
1102,33481956,Yes,Compartmental,Covid-19
1103,33478962,Yes,Time Series,TB and mycobacteria
1104,33477576,Yes,Spatiotemporal,Covid-19
1105,33472790,Yes,Time Series,Covid-19
1106,33465142,Yes,Multiple,Covid-19
1107,33462589,Yes,Agent-based,Covid-19
1108,33462560,Yes,Time Series,Covid-19
1110,33461278,Yes,Spatiotemporal,Typhus
1111,33460674,Yes,Compartmental,Covid-19
1112,33442712,Yes,Agent-based,Covid-19
1113,33442704,Yes,Time Series,Covid-19
1114,33457496,Yes,Compartmental,Covid-19
1115,33457150,Yes,Compartmental,Covid-19
1116,33456433,Yes,Time Series,Covid-19
1117,33455588,Yes,Time Series,Covid-19
1118,33451092,Yes,Compartmental,Covid-19
1119,33450286,Yes,Compartmental,Covid-19
1120,33449934,Yes,Spatiotemporal,Influenza illnesses
1121,33449276,Yes,Compartmental,Covid-19
1122,33446891,Yes,Compartmental,Covid-19
1123,33446859,Yes,Time Series,Covid-19
1124,33446283,Yes,Time Series,HFMD
1125,33442818,Yes,Compartmental,Covid-19
1126,33441598,Yes,Spatiotemporal,Dengue
1127,33441091,Yes,Agent-based,Covid-19
1128,33439880,Yes,Compartmental,Covid-19
1129,33439868,Yes,Spatiotemporal,General (theoretical model)
1131,33436862,Yes,Spatiotemporal,Malaria
1132,33435892,Yes,Compartmental,Covid-19
1133,33435631,Yes,Compartmental,Covid-19
1134,33434673,Yes,Compartmental,Covid-19
1135,33432337,Yes,Time Series,Covid-19
1136,33431153,Yes,Agent-based,Varicella
1137,33430945,Yes,Spatiotemporal,Dengue
1138,33430851,Yes,Time Series,Covid-19
1139,33430832,Yes,Agent-based,Covid-19
1140,33428623,Yes,Spatiotemporal,Yellow fever
1141,33425640,Yes,Compartmental,Covid-19
1142,33424955,Yes,Compartmental,Covid-19
1143,33424432,Yes,Time Series,Covid-19
1144,33422330,Yes,Time Series,Covid-19
1145,33420154,Yes,Agent-based,General (theoretical model)
1146,33417605,Yes,Compartmental,Covid-19
1147,33413723,Yes,Compartmental,Covid-19
1148,33413715,Yes,Compartmental,Covid-19
1149,33412586,Yes,Compartmental,Covid-19
1150,33411744,Yes,Time Series,Covid-19
1151,33411739,Yes,Spatiotemporal,West Nile virus
1152,33407789,Yes,Spatiotemporal,Schistomiasis
1153,33406136,Yes,Spatiotemporal,Schistomiasis
1154,33406106,Yes,Compartmental,General (theoretical model)
1155,33401753,Yes,Spatiotemporal,Zika
1156,33400698,Yes,Time Series,Leprosy
1157,33388436,Yes,Compartmental,Covid-19
1158,33387692,Yes,Spatiotemporal,Covid-19
1159,33386788,Yes,Compartmental,Covid-19
1160,33385656,Yes,Spatiotemporal,Leishmaniasis
1161,33360871,Yes,Compartmental,Covid-19
1162,33360131,Yes,Agent-based,Covid-19
1163,33359440,Yes,Compartmental,Covid-19
1164,33294749,Yes,Compartmental,Covid-19
1166,33342517,Yes,Multiple,Covid-19
1167,33341667,Yes,Agent-based,HIV
1168,33326924,Yes,Agent-based,Covid-19
1169,33324533,Yes,Time Series,Covid-19
1170,33313455,Yes,Agent-based,Covid-19
1171,33308354,Yes,Agent-based,Covid-19
1172,33303180,Yes,Compartmental,Bordetella pertussis
1173,33301769,Yes,Compartmental,General (theoretical model)
1174,33294750,Yes,Time Series,Covid-19
1175,33281306,Yes,Time Series,Covid-19
1176,33281305,Yes,Time Series,Covid-19
1177,33281248,Yes,Compartmental,Covid-19
1178,33279653,Yes,Compartmental,Covid-19
1179,33278610,Yes,Spatiotemporal,Covid-19
1180,33277643,Yes,Compartmental,Covid-19
1181,33269359,Yes,Agent-based,Covid-19
1182,33269029,Yes,Time Series,Covid-19
1183,33258177,Yes,Time Series,Covid-19
1184,33254953,Yes,Time Series,Vector
1185,33232262,Yes,Time Series,Covid-19
1186,33225114,Yes,Compartmental,Covid-19
1187,33225113,Yes,Compartmental,Covid-19
1188,33223954,Yes,Compartmental,Covid-19
1189,33213971,Yes,Agent-based,Covid-19
1190,33207390,Yes,Agent-based,Covid-19
1191,33204214,Yes,Spatiotemporal,Covid-19
1192,33204050,Yes,Compartmental,Covid-19
1193,33199943,Yes,Compartmental,Covid-19
1194,33169041,Yes,Compartmental,Covid-19
1195,33162689,Yes,Compartmental,Covid-19
1196,33162634,Yes,Spatiotemporal,Covid-19
1197,33146155,Yes,Compartmental,Covid-19
1198,33146116,Yes,Spatiotemporal,West Nile virus
1199,33146109,Yes,Compartmental,Covid-19
1201,33129826,Yes,Compartmental,SARS
1202,33128066,Yes,Agent-based,HIV
1203,33126032,Yes,Time Series,Covid-19
1204,33118070,Yes,Time Series,Covid-19
1205,33110288,Yes,Compartmental,Covid-19
1206,33106728,Yes,Compartmental,General (theoretical model)
1207,33105091,Yes,Agent-based,Covid-19
1208,33100604,Yes,Compartmental,Covid-19
1209,33100582,Yes,Compartmental,Covid-19
1210,33100475,Yes,Time Series,Covid-19
1211,33097835,Yes,Compartmental,Covid-19
1212,33080518,Yes,Time Series,Tick borne encephalitis
1213,33078047,Yes,Multiple,Covid-19
1214,33077215,Yes,Time Series,Covid-19
1215,33068430,Yes,Spatiotemporal,HFRS
1216,33065295,Yes,Time Series,HIV
1217,33053172,Yes,Time Series,Covid-19
1218,33041528,Yes,Time Series,Covid-19
1219,33041473,Yes,Compartmental,Covid-19
1220,33024345,Yes,Compartmental,Covid-19
1221,33012995,Yes,Agent-based,Covid-19
1222,33012957,Yes,Compartmental,Covid-19
1223,33012953,Yes,Compartmental,Covid-19
1224,32983836,Yes,Compartmental,General (theoretical model)
1225,32982019,Yes,Compartmental,Covid-19
1226,32971006,Yes,Spatiotemporal,Malaria
1227,32959618,Yes,Compartmental,Covid-19
1228,32958973,Yes,Compartmental,Covid-19
1229,32920842,Yes,Time Series,General (theoretical model)
1230,32908331,Yes,Compartmental,Covid-19
1231,32896479,Yes,Compartmental,Covid-19
1232,32838058,Yes,Multiple,Covid-19
1233,32838022,Yes,Spatiotemporal,Covid-19
1234,32837814,Yes,Compartmental,Covid-19
1235,32837465,Yes,Compartmental,General (theoretical model)
1236,32837121,Yes,Compartmental,General (theoretical model)
1237,32836680,Yes,Compartmental,Covid-19
1238,32834475,Yes,Compartmental,Covid-19
1239,32801278,Yes,Time Series,Rotavirus
1240,32798099,Yes,Agent-based,HIV
1241,32798031,Yes,Compartmental,Covid-19
1242,32644119,Yes,Spatiotemporal,HIV
1243,32613724,Yes,Spatiotemporal,Influenza illnesses
1244,32587978,Yes,Compartmental,Covid-19
1245,32580814,Yes,Compartmental,Covid-19
1247,32448889,Yes,Time Series,Streptococcus
1248,32419342,Yes,Spatiotemporal,Influenza illnesses
1249,31970389,Yes,Agent-based,Resistant bacteria
1250,31816629,Yes,Agent-based,HPV
1251,32551185,Yes,Spatiotemporal,Ebola
1252,30958195,Yes,Agent-based,General (theoretical model)
1253,31104612,Yes,Compartmental,General (theoretical model)
1254,31182773,Yes,Compartmental,General (theoretical model)
1255,31471147,Yes,Agent-based,Measles
1256,31413134,Yes,Spatiotemporal,Lassa fever
1257,34552670,Yes,Time Series,General (theoretical model)
1259,31137240,Yes,Compartmental,General (theoretical model)
1260,31499748,Yes,Compartmental,General (theoretical model)
1261,30866826,Yes,Spatiotemporal,Campylobacter
1262,31036657,Yes,Spatiotemporal,Ebola
1263,31085656,Yes,Spatiotemporal,Measles
1264,31742512,Yes,Agent-based,Zika
1265,31902625,Yes,Spatiotemporal,Measles
1266,31047830,Yes,Compartmental,Influenza illnesses
1267,31873144,Yes,Spatiotemporal,Influenza illnesses
1268,32233571,Yes,Compartmental,General (theoretical model)
1269,30947437,Yes,Compartmental,General (theoretical model)
1270,33597454,Yes,Time Series,General (theoretical model)
1271,30882314,Yes,Spatiotemporal,Chikungunya
1272,30972440,Yes,Compartmental,General (theoretical model)
1273,31035715,Yes,Time Series,Scrub typhus
1274,31038652,Yes,Time Series,TB and mycobacteria
1275,30334918,Yes,Time Series,General (theoretical model)
1277,31401958,Yes,Spatiotemporal,General (theoretical model)
1278,30878314,Yes,Compartmental,General (theoretical model)
1279,31499643,Yes,Compartmental,Influenza illnesses
1280,31574659,Yes,Compartmental,General (theoretical model)
1281,31499664,Yes,Compartmental,General (theoretical model)
1282,31731371,Yes,Compartmental,Unspecified (super-category)
1284,31499725,Yes,Compartmental,General (theoretical model)
1285,30606104,Yes,Spatiotemporal,Leishmaniasis
1286,31427903,Yes,Time Series,Cholera
1287,31258992,Yes,Compartmental,Bordetella pertussis
1288,31499753,Yes,Compartmental,General (theoretical model)
1289,31531662,Yes,Time Series,Leprosy
1290,31698613,Yes,Compartmental,TB and mycobacteria
1291,31616035,Yes,Compartmental,General (theoretical model)
1292,31684018,Yes,Spatiotemporal,Cholera
1293,30395774,Yes,Time Series,Rotavirus
1294,31731373,Yes,Compartmental,General (theoretical model)
1295,31433284,Yes,Spatiotemporal,General (theoretical model)
1296,31498858,Yes,Time Series,Hepatitis C
1297,30350000,Yes,Time Series,Giardiasis
1298,31694212,Yes,Time Series,Brucellosis
1299,31373583,Yes,Time Series,Dengue
1300,31024009,Yes,Spatiotemporal,General (theoretical model)
1301,31393908,Yes,Time Series,Dengue
1302,31724372,Yes,Spatiotemporal,Chagas
1303,31036511,Yes,Spatiotemporal,Malaria
1304,32287387,Yes,Compartmental,General (theoretical model)
1305,31336761,Yes,Compartmental,General (theoretical model)
1306,31199809,Yes,Spatiotemporal,Zika
1307,31851680,Yes,Spatiotemporal,General (theoretical model)
1308,30716139,Yes,Agent-based,General (theoretical model)
1309,30947431,Yes,Compartmental,General (theoretical model)
1310,31777450,Yes,Agent-based,Influenza illnesses
1311,31867406,Yes,Spatiotemporal,Streptococcus
1312,31340359,Yes,Spatiotemporal,Syphilis
1313,31415560,Yes,Agent-based,Malaria
1314,30707729,Yes,Agent-based,Ebola
1315,31683644,Yes,Spatiotemporal,Nephropathia epidemica
1316,31185818,Yes,Time Series,Influenza illnesses
1317,31877185,Yes,Time Series,Malaria
1318,30692003,Yes,Agent-based,TB and mycobacteria
1320,32287361,Yes,Compartmental,General (theoretical model)
1321,31344355,Yes,Time Series,HIV
1322,29475785,Yes,Spatiotemporal,Influenza illnesses
1323,31164093,Yes,Spatiotemporal,Dengue
1324,30206040,Yes,Compartmental,Dengue
1325,31137186,Yes,Compartmental,General (theoretical model)
1326,31877200,Yes,Agent-based,Zika
1329,31729435,Yes,Agent-based,General (theoretical model)
1330,31337826,Yes,Compartmental,General (theoretical model)
1332,31537954,Yes,Compartmental,General (theoretical model)
1333,31455188,Yes,Spatiotemporal,Zika
1334,31801513,Yes,Time Series,Measles
1335,31859940,Yes,Spatiotemporal,HIV
1336,31137197,Yes,Compartmental,General (theoretical model)
1337,30165060,Yes,Compartmental,General (theoretical model)
1338,31260360,Yes,Agent-based,HIV
1339,31668495,Yes,Compartmental,Influenza illnesses
1340,30905736,Yes,Time Series,Influenza illnesses
1341,30808752,Yes,Spatiotemporal,Dengue
1342,31800919,Yes,Time Series,Varicella
1343,31309365,Yes,Time Series,Nephropathia epidemica
1344,31784625,Yes,Spatiotemporal,HFMD
1345,31843887,Yes,Time Series,Influenza illnesses
1346,32226453,Yes,Compartmental,General (theoretical model)
1347,31695574,Yes,Spatiotemporal,General (theoretical model)
1348,30868213,Yes,Compartmental,General (theoretical model)
1349,30635558,Yes,Time Series,Influenza illnesses
1350,31568489,Yes,Spatiotemporal,Malaria
1351,30958817,Yes,Time Series,Influenza illnesses
1352,31499735,Yes,Compartmental,General (theoretical model)
1353,31297469,Yes,Spatiotemporal,MERS
1354,30881481,Yes,Spatiotemporal,Influenza illnesses
1355,31433482,Yes,Agent-based,Measles
1356,31698706,Yes,Time Series,Rotavirus
1357,32233581,Yes,Compartmental,General (theoretical model)
1358,33192155,Yes,Multiple,Ebola
1359,30788178,Yes,Compartmental,Influenza illnesses
1360,31401962,Yes,Compartmental,Henipavirus
1361,31454373,Yes,Agent-based,General (theoretical model)
1363,31731383,Yes,Compartmental,General (theoretical model)
1364,31272437,Yes,Spatiotemporal,TB and mycobacteria
1365,30993854,Yes,Time Series,HIV
1366,31787127,Yes,Spatiotemporal,Influenza illnesses
1367,30691092,Yes,Spatiotemporal,Unspecified (super-category)
1368,31372502,Yes,Spatiotemporal,Malaria
1369,30713821,Yes,Compartmental,Influenza illnesses
1370,31390430,Yes,Time Series,Leprosy
1371,31101079,Yes,Time Series,Mumps
1372,30804467,Yes,Compartmental,HFMD
1373,31129282,Yes,Spatiotemporal,Crimean Congo HF
1374,31374344,Yes,Time Series,TB and mycobacteria
1375,31423136,Yes,Spatiotemporal,TB and mycobacteria
1376,30952584,Yes,Spatiotemporal,Influenza illnesses
1377,31213175,Yes,Spatiotemporal,Zika
1378,32624641,Yes,Agent-based,Hepatitis C
1379,31259024,Yes,Time Series,General (theoretical model)
1380,31278344,Yes,Spatiotemporal,Resistant bacteria
1381,30650091,Yes,Time Series,Streptococcus
1382,31834896,Yes,Time Series,General (theoretical model)
1383,31744768,Yes,Spatiotemporal,Ebola
1384,31607654,Yes,Spatiotemporal,General (theoretical model)
1385,31099518,Yes,Time Series,Malaria
1386,30792135,Yes,Time Series,Influenza illnesses
1387,31009473,Yes,Spatiotemporal,Typhus
1388,31785149,Yes,Compartmental,Leishmaniasis
1389,30338588,Yes,Time Series,Influenza illnesses
1390,31233387,Yes,Spatiotemporal,Scrub typhus
1391,31439885,Yes,Time Series,Herpes zoster
1392,31113666,Yes,Spatiotemporal,Influenza illnesses
1393,31062838,Yes,Agent-based,Onchocerciasis
1394,31727921,Yes,Agent-based,Hepatitis C
1395,31364529,Yes,Compartmental,HFMD
1396,30851275,Yes,Compartmental,General (theoretical model)
1397,31340351,Yes,Spatiotemporal,Streptococcus
1398,31584857,Yes,Agent-based,HIV
1399,30715140,Yes,Time Series,Streptococcus
1400,31846456,Yes,Agent-based,HIV
1401,31887142,Yes,Agent-based,HIV
1402,30869008,Yes,Agent-based,HIV
1403,30861667,Yes,Compartmental,General (theoretical model)
1404,31660883,Yes,Spatiotemporal,Multiple different agents
1405,31386651,Yes,Time Series,Influenza illnesses
1406,31608405,Yes,Time Series,Dengue
1407,31777708,Yes,Time Series,Brucellosis
1408,30922405,Yes,Spatiotemporal,Dengue
1409,31594511,Yes,Spatiotemporal,Rabies/ Lyssavirus
1410,31771674,Yes,Time Series,Rotavirus
1411,31144552,Yes,Spatiotemporal,HFRS
1412,31196004,Yes,Compartmental,HFMD
1413,31675786,Yes,Agent-based,HIV
1414,31728075,Yes,Agent-based,General (theoretical model)
1415,30891185,Yes,Spatiotemporal,General (theoretical model)
1416,31443635,Yes,Time Series,Resistant bacteria
1417,31287819,Yes,Spatiotemporal,Legionella pneumophila
1418,31516111,Yes,Agent-based,Resistant bacteria
1419,31199546,Yes,Agent-based,General (theoretical model)
1420,33814961,Yes,Spatiotemporal,Malaria
1421,31099521,Yes,Spatiotemporal,Borrelia burgdorferi
1422,31056043,Yes,Compartmental,Ebola
1423,31518349,Yes,Agent-based,General (theoretical model)
1424,30594260,Yes,Time Series,Cholera
1425,31145744,Yes,Spatiotemporal,Vector
1426,31724367,Yes,Spatiotemporal,Dengue
1428,31009460,Yes,Spatiotemporal,Dengue
1429,31336865,Yes,Spatiotemporal,Dengue
1430,31329645,Yes,Spatiotemporal,Dengue
1431,31234380,Yes,Spatiotemporal,Schistomiasis
1432,31392940,Yes,Spatiotemporal,Unspecified (super-category)
1433,30076972,Yes,Spatiotemporal,Clostridioides difficile
1434,30869007,Yes,Agent-based,Influenza illnesses
1435,31724370,Yes,Spatiotemporal,Vibrio parahemolyticus
1436,31268405,Yes,Agent-based,Meningococcus
1437,30850598,Yes,Time Series,Dengue
1438,31142311,Yes,Spatiotemporal,General (theoretical model)
1439,31767899,Yes,Spatiotemporal,Malaria
1440,31205290,Yes,Time Series,General (theoretical model)
1441,31369548,Yes,Spatiotemporal,Spiroplasma
1442,30837248,Yes,Agent-based,Multiple different agents
1443,31937981,Yes,Spatiotemporal,Multiple different agents
1444,32226129,Yes,Compartmental,General (theoretical model)
1445,31195637,Yes,Time Series,Malaria
1446,30665426,Yes,Agent-based,Campylobacter
1447,31039734,Yes,Spatiotemporal,TB and mycobacteria
1448,31887118,Yes,Time Series,Dengue
1449,31690844,Yes,Agent-based,Ebola
1450,31499752,Yes,Compartmental,General (theoretical model)
1451,30868999,Yes,Time Series,HFMD
1452,31290184,Yes,Time Series,Measles
1453,31120877,Yes,Agent-based,General (theoretical model)
1454,31137251,Yes,Agent-based,General (theoretical model)
1455,30869028,Yes,Spatiotemporal,Hepatitis B
1456,30674890,Yes,Time Series,HIV
1457,31752895,Yes,Agent-based,TB and mycobacteria
1458,31048894,Yes,Spatiotemporal,TB and mycobacteria
1459,30987085,Yes,Spatiotemporal,HFMD
1460,30824756,Yes,Time Series,Influenza illnesses
1461,30802984,Yes,Time Series,Unspecified (super-category)
1462,31237087,Yes,Time Series,Multiple different agents
1463,30373059,Yes,Spatiotemporal,West Nile virus
1464,30893294,Yes,Agent-based,Dengue
1465,31063086,Yes,Time Series,Bordetella pertussis
1466,31703720,Yes,Spatiotemporal,Leishmaniasis
1467,31402236,Yes,Time Series,Multiple different agents
1468,31182036,Yes,Time Series,Streptococcus
1469,31382959,Yes,Agent-based,TB and mycobacteria
1470,31784563,Yes,Time Series,Malaria
1471,30642334,Yes,Compartmental,General (theoretical model)
1472,31229233,Yes,Spatiotemporal,Malaria
1473,31322439,Yes,Time Series,Unspecified (super-category)
1474,31765386,Yes,Time Series,Influenza illnesses
1475,30914669,Yes,Agent-based,Ebola
1476,30921386,Yes,Compartmental,Zika
1477,31260441,Yes,Agent-based,Dengue
1478,31053075,Yes,Agent-based,Malaria
1479,30777016,Yes,Spatiotemporal,Resistant bacteria
1480,31496766,Yes,Compartmental,Norovirus
1481,31200692,Yes,Time Series,Zika
1482,31036482,Yes,Spatiotemporal,HIV
1483,31088391,Yes,Time Series,Brucellosis
1484,31344062,Yes,Time Series,Malaria
1485,31671446,Yes,Spatiotemporal,Meningococcus
1486,30764779,Yes,Time Series,Influenza illnesses
1487,31169135,Yes,Time Series,Measles
1488,30611745,Yes,Spatiotemporal,Lymphatic filariasis
1489,31323025,Yes,Time Series,Influenza illnesses
1490,31067679,Yes,Agent-based,HIV
1491,31601887,Yes,Time Series,HFRS
1492,31311945,Yes,Spatiotemporal,Vector
1493,31182294,Yes,Time Series,Influenza illnesses
1494,31319532,Yes,Spatiotemporal,General (theoretical model)
1495,31484519,Yes,Spatiotemporal,Malaria
1496,31081162,Yes,Spatiotemporal,Dengue
1497,30865618,Yes,Spatiotemporal,West Nile virus
1498,31655546,Yes,Spatiotemporal,Zika
1499,31137230,Yes,Compartmental,Influenza illnesses
1500,31362754,Yes,Spatiotemporal,Canine heartworm
1501,31440067,Yes,Time Series,TB and mycobacteria
1502,31362618,Yes,Compartmental,General (theoretical model)
1503,31877134,Yes,Spatiotemporal,Leptospirosis
1504,31751346,Yes,Time Series,Multiple different agents
1505,31051323,Yes,Time Series,Unspecified (super-category)
1506,31558383,Yes,Spatiotemporal,Unspecified (super-category)
1507,31306464,Yes,Agent-based,HIV
1508,30768613,Yes,Spatiotemporal,Chagas
1509,32233572,Yes,Spatiotemporal,General (theoretical model)
1510,31234938,Yes,Time Series,Influenza illnesses
1511,31228488,Yes,Compartmental,General (theoretical model)
1512,30845236,Yes,Time Series,Ebola
1513,30817798,Yes,Compartmental,HIV
1514,31835603,Yes,Time Series,Syphilis
1515,31064395,Yes,Spatiotemporal,Leishmaniasis
1516,31798311,Yes,Spatiotemporal,Rift valley fever
1517,30795739,Yes,Time Series,Rotavirus
1518,31490212,Yes,Agent-based,HIV
1519,30832594,Yes,Agent-based,Influenza illnesses
1521,31129573,Yes,Spatiotemporal,Dengue
1522,31095100,Yes,Agent-based,Multiple different agents
1523,31836742,Yes,Spatiotemporal,Malaria
1524,31358033,Yes,Time Series,Malaria
1525,30682037,Yes,Agent-based,Dengue
1526,31199806,Yes,Time Series,Brucellosis
1527,31234829,Yes,Time Series,Multiple different agents
1528,31361737,Yes,Time Series,Multiple different agents
1529,30868998,Yes,Time Series,Unspecified (super-category)
1530,31246954,Yes,Time Series,Streptococcus
1531,31030133,Yes,Time Series,West Nile virus
1532,30822344,Yes,Spatiotemporal,Leishmaniasis
1533,31399064,Yes,Time Series,General (theoretical model)
1534,31381606,Yes,Time Series,Ebola
1535,30959783,Yes,Spatiotemporal,Influenza illnesses
1536,30753368,Yes,Time Series,Rotavirus
1537,31364559,Yes,Time Series,HIV
1538,30890385,Yes,Agent-based,HIV
1539,31511311,Yes,Time Series,Rotavirus
1540,31774823,Yes,Spatiotemporal,Dengue
1541,31658203,Yes,Time Series,HIV
1542,31465448,Yes,Agent-based,HFMD
1543,33447371,Yes,Time Series,Vector
1544,30707099,Yes,Time Series,Influenza illnesses
1545,31296198,Yes,Spatiotemporal,HFMD
1546,31286935,Yes,Time Series,PRRS
1547,31209084,Yes,Time Series,HFRS
1548,30601755,Yes,Time Series,West Nile virus
1549,30891269,Yes,Compartmental,Campylobacter
1551,31364539,Yes,Time Series,Multiple different agents
1552,31109024,Yes,Spatiotemporal,Multiple different agents
1553,31673249,Yes,Time Series,HIV
1554,31426380,Yes,Spatiotemporal,Malaria
1555,31395085,Yes,Spatiotemporal,West Nile virus
1556,31142826,Yes,Time Series,HFMD
1557,31703557,Yes,Time Series,EHEC
1558,30986218,Yes,Spatiotemporal,General (theoretical model)
1559,31249824,Yes,Time Series,Vector
1560,30703095,Yes,Spatiotemporal,HFRS
1561,33821284,Yes,Compartmental,Covid-19
