PMID,Eligible,Model,Disease
35153589,Yes,Compartmental,Covid-19
35136763,Yes,Compartmental,Covid-19
35120681,Yes,Spatiotemporal,Covid-19
35094929,Yes,Time Series,Covid-19
35083430,Yes,Time Series,Covid-19
35071672,Yes,Compartmental,Covid-19
35071388,Yes,Spatiotemporal,Lumpy skin disease
35059370,Yes,Compartmental,Covid-19
35059369,Yes,Agent-based,Covid-19
35058682,Yes,Compartmental,Covid-19
35052076,Yes,Time Series,Covid-19
35039781,Yes,Compartmental,Covid-19
35036527,Yes,Time Series,Covid-19
35036159,Yes,Spatiotemporal,Covid-19
35028196,Yes,Compartmental,Covid-19
35010675,Yes,Time Series,Leprosy
35010600,Yes,Time Series,Dengue
35005324,Yes,Compartmental,Covid-19
34988255,Yes,Spatiotemporal,Covid-19
34977848,Yes,Agent-based,Covid-19
34977844,Yes,Compartmental,Covid-19
34975234,Yes,Agent-based,General (theoretical model)
34973454,Yes,Spatiotemporal,Covid-19
34963680,Yes,Compartmental,Covid-19
34961844,Yes,Time Series,Covid-19
34961835,Yes,Compartmental,General (theoretical model)
34961800,Yes,Compartmental,General (theoretical model)
34960207,Yes,Agent-based,Covid-19
34954344,Yes,Compartmental,Covid-19
34954184,Yes,Spatiotemporal,Covid-19
34953536,Yes,Time Series,Covid-19
34950910,Yes,Agent-based,General (theoretical model)
34948902,Yes,Spatiotemporal,Covid-19
34938933,Yes,Spatiotemporal,Covid-19
34936666,Yes,Spatiotemporal,Covid-19
34936650,Yes,Compartmental,Covid-19
34934870,Yes,Compartmental,Covid-19
34934420,Yes,Time Series,Covid-19
34933883,Yes,Agent-based,Covid-19
34932931,Yes,Agent-based,Covid-19
34932762,Yes,Time Series,Chagas
34932560,Yes,Agent-based,Polio
34931157,Yes,Spatiotemporal,Covid-19
34931105,Yes,Compartmental,General (theoretical model)
34930317,Yes,Time Series,Multiple different agents
34930265,Yes,Spatiotemporal,Malaria
34930128,Yes,Spatiotemporal,Malaria
34926865,Yes,Compartmental,Covid-19
34923119,Yes,Spatiotemporal,Covid-19
34922976,Yes,Compartmental,Covid-19
34922496,Yes,Time Series,TB and mycobacteria
34921175,Yes,Compartmental,Covid-19
34921080,Yes,Spatiotemporal,Covid-19
34919977,Yes,Time Series,Covid-19
34919576,Yes,Compartmental,Covid-19
34917836,Yes,Time Series,Influenza illnesses
34912038,Yes,Compartmental,Covid-19
34908637,Yes,Compartmental,Covid-19
34908636,Yes,Compartmental,Covid-19
34908634,Yes,Compartmental,Covid-19
34908628,Yes,Compartmental,Covid-19
34907208,Yes,Time Series,Covid-19
34903655,Yes,Spatiotemporal,Covid-19
34901733,Yes,Compartmental,Covid-19
34900929,Yes,Time Series,Dengue
34900606,Yes,Compartmental,Covid-19
34899057,Yes,Compartmental,Covid-19
34899033,Yes,Spatiotemporal,Covid-19
34898823,Yes,Compartmental,Covid-19
34898816,Yes,Compartmental,Covid-19
34896895,Yes,Compartmental,Covid-19
34895497,Yes,Compartmental,Covid-19
34894622,Yes,Time Series,Covid-19
34889300,Yes,Time Series,Hepatitis C
34886507,Yes,Time Series,Malaria
34886437,Yes,Spatiotemporal,Covid-19
34886355,Yes,Compartmental,General (theoretical model)
34882679,Yes,Spatiotemporal,Dengue
34881217,Yes,Compartmental,Covid-19
34877249,Yes,Spatiotemporal,Covid-19
34876601,Yes,Time Series,Covid-19
34874981,Yes,Compartmental,Covid-19
34872559,Yes,Compartmental,Covid-19
34869960,Yes,Agent-based,Covid-19
34865617,Yes,Agent-based,Covid-19
34863395,Yes,Time Series,Multiple different agents
34863336,Yes,Spatiotemporal,Schistomiasis
34857840,Yes,Compartmental,Covid-19
34857815,Yes,Time Series,General (theoretical model)
34856112,Yes,Compartmental,Covid-19
34851954,Yes,Compartmental,General (theoretical model)
34851953,Yes,Spatiotemporal,Rabies/ Lyssavirus
34849482,Yes,Agent-based,Rubella
34848918,Yes,Compartmental,General (theoretical model)
34843552,Yes,Compartmental,Covid-19
34841129,Yes,Compartmental,General (theoretical model)
34837982,Yes,Time Series,Covid-19
34836505,Yes,Time Series,Malaria
34835173,Yes,Spatiotemporal,Covid-19
34832531,Yes,Time Series,Multiple different agents
34831862,Yes,Time Series,Dengue
34831706,Yes,Compartmental,Covid-19
34831508,Yes,Compartmental,Covid-19
34829277,Yes,Time Series,Multiple different agents
34828565,Yes,Agent-based,Covid-19
34828458,Yes,Agent-based,Covid-19
34826084,Yes,Spatiotemporal,Covid-19
34818345,Yes,Compartmental,Covid-19
34816266,Yes,Agent-based,Covid-19
34815816,Yes,Time Series,Covid-19
34815733,Yes,Time Series,Covid-19
34815624,Yes,Compartmental,Covid-19
34815616,Yes,Compartmental,Covid-19
34814729,Yes,Compartmental,Covid-19
34814269,Yes,Agent-based,HIV
34812421,Yes,Time Series,Covid-19
34812227,Yes,Compartmental,General (theoretical model)
34812204,Yes,Compartmental,Covid-19
34809606,Yes,Time Series,Japanese encephalitis
34809601,Yes,Time Series,Schistomiasis
34807943,Yes,Agent-based,Covid-19
34803221,Yes,Compartmental,Covid-19
34803213,Yes,Compartmental,General (theoretical model)
34803189,Yes,Compartmental,General (theoretical model)
34802273,Yes,Compartmental,Covid-19
34802272,Yes,Compartmental,Covid-19
34801694,Yes,Time Series,Unspecified (super-category)
34798545,Yes,Agent-based,Covid-19
34798328,Yes,Time Series,Covid-19
34797862,Yes,Agent-based,Covid-19
34797822,Yes,Spatiotemporal,Vector
34795464,Yes,Compartmental,Covid-19
34795311,Yes,Compartmental,Covid-19
34793543,Yes,Compartmental,Covid-19
34793526,Yes,Compartmental,Covid-19
34790983,Yes,Spatiotemporal,Covid-19
34786559,Yes,Compartmental,Covid-19
34786422,Yes,Multiple,Covid-19
34786328,Yes,Spatiotemporal,Covid-19
34786314,Yes,Spatiotemporal,Covid-19
34785913,Yes,Time Series,Multiple different agents
34785556,Yes,Compartmental,Covid-19
34784379,Yes,Compartmental,Covid-19
34784350,Yes,Time Series,Leprosy
34782854,Yes,Spatiotemporal,Covid-19
34781241,Yes,Time Series,RSV
34777944,Yes,Compartmental,General (theoretical model)
34776626,Yes,Compartmental,Covid-19
34774336,Yes,Agent-based,General (theoretical model)
34774261,Yes,Time Series,Covid-19
34773169,Yes,Compartmental,General (theoretical model)
34770108,Yes,Multiple,Covid-19
34769597,Yes,Time Series,Covid-19
34767837,Yes,Time Series,Unspecified (super-category)
34767822,Yes,Time Series,Covid-19
34764609,Yes,Agent-based,Covid-19
34764608,Yes,Time Series,Covid-19
34764599,Yes,Compartmental,Covid-19
34764595,Yes,Compartmental,Covid-19
34764586,Yes,Compartmental,Covid-19
34764574,Yes,Compartmental,Covid-19
34764566,Yes,Compartmental,Covid-19
34761122,Yes,Compartmental,General (theoretical model)
34760863,Yes,Compartmental,Covid-19
34759500,Yes,Agent-based,Covid-19
34758451,Yes,Spatiotemporal,Covid-19
34758027,Yes,Spatiotemporal,Resistant bacteria
34754025,Yes,Agent-based,Covid-19
34750353,Yes,Spatiotemporal,Covid-19
34749630,Yes,Compartmental,Dengue
34746912,Yes,Agent-based,Covid-19
34745489,Yes,Compartmental,Covid-19
34744295,Yes,Spatiotemporal,Covid-19
34744294,Yes,Spatiotemporal,Covid-19
34744261,Yes,Compartmental,Covid-19
34742106,Yes,Compartmental,Covid-19
34741093,Yes,Time Series,Covid-19
34737875,Yes,Agent-based,Covid-19
34737874,Yes,Spatiotemporal,Covid-19
34737861,Yes,Time Series,Schistomiasis
34734836,Yes,Time Series,Influenza illnesses
34732390,Yes,Time Series,Covid-19
34731173,Yes,Time Series,Covid-19
34729570,Yes,Agent-based,Covid-19
34728898,Yes,Spatiotemporal,Covid-19
34725416,Yes,Time Series,Covid-19
34725323,Yes,Compartmental,Covid-19
34723982,Yes,Time Series,Multiple different agents
34722775,Yes,Time Series,Covid-19
34722381,Yes,Spatiotemporal,Hepatitis B
34722098,Yes,Spatiotemporal,Covid-19
34722097,Yes,Compartmental,General (theoretical model)
34717286,Yes,Compartmental,Covid-19
34714848,Yes,Compartmental,General (theoretical model)
34714336,Yes,Time Series,Clostridioides difficile
34713620,Yes,Time Series,HIV
34711190,Yes,Compartmental,Covid-19
34710181,Yes,Multiple,Covid-19
34710158,Yes,Agent-based,Covid-19
34710090,Yes,Agent-based,Covid-19
34707682,Yes,Compartmental,Influenza illnesses
34705832,Yes,Spatiotemporal,General (theoretical model)
34705827,Yes,Multiple,Taenia solium
34703506,Yes,Compartmental,Covid-19
34703071,Yes,Spatiotemporal,Covid-19
34697579,Yes,Compartmental,Covid-19
34697362,Yes,Spatiotemporal,Covid-19
34696288,Yes,Compartmental,Covid-19
34696203,Yes,Compartmental,Influenza illnesses
34695427,Yes,Spatiotemporal,Covid-19
34693036,Yes,Time Series,TB and mycobacteria
34692627,Yes,Time Series,Covid-19
34690462,Yes,Time Series,Covid-19
34690447,Yes,Time Series,Covid-19
34690432,Yes,Time Series,Covid-19
34690384,Yes,Compartmental,Covid-19
34688498,Yes,Compartmental,Covid-19
34684215,Yes,Compartmental,Covid-19
34682590,Yes,Time Series,Influenza illnesses
34681090,Yes,Compartmental,Covid-19
34680688,Yes,Spatiotemporal,Vector
34679972,Yes,Spatiotemporal,West Nile virus
34678482,Yes,Agent-based,Covid-19
34676263,Yes,Compartmental,Covid-19
34674754,Yes,Compartmental,Influenza illnesses
34671103,Yes,Compartmental,Covid-19
34666740,Yes,Compartmental,Covid-19
34664000,Yes,Time Series,Covid-19
34663839,Yes,Compartmental,General (theoretical model)
34663279,Yes,Compartmental,Covid-19
34659872,Yes,Compartmental,General (theoretical model)
34658536,Yes,Time Series,Covid-19
34658535,Yes,Compartmental,Covid-19
34653544,Yes,Compartmental,Covid-19
34650119,Yes,Time Series,Covid-19
34650108,Yes,Spatiotemporal,Unspecified (super-category)
34648492,Yes,Time Series,Unspecified (super-category)
34647628,Yes,Time Series,Covid-19
34646730,Yes,Spatiotemporal,Covid-19
34646110,Yes,Time Series,Covid-19
34642701,Yes,Time Series,Covid-19
34642614,Yes,Agent-based,General (theoretical model)
34642405,Yes,Compartmental,Covid-19
34640986,Yes,Agent-based,Covid-19
34639848,Yes,Compartmental,Covid-19
34636415,Yes,Spatiotemporal,Mumps
34630745,Yes,Multiple,Covid-19
34629206,Yes,Spatiotemporal,Polio
34627998,Yes,Agent-based,HIV
34627477,Yes,Time Series,Malaria
34627189,Yes,Spatiotemporal,TB and mycobacteria
34625589,Yes,Spatiotemporal,Malaria
34624026,Yes,Spatiotemporal,West Nile virus
34622758,Yes,Compartmental,Covid-19
34622186,Yes,Time Series,RSV
34613527,Yes,Spatiotemporal,Covid-19
34611630,Yes,Time Series,Multiple different agents
34611391,Yes,Spatiotemporal,Covid-19
34611386,Yes,Compartmental,Covid-19
34608351,Yes,Compartmental,Covid-19
34608201,Yes,Compartmental,Covid-19
34607866,Yes,Spatiotemporal,Covid-19
34606524,Yes,Agent-based,Covid-19
34606503,Yes,Compartmental,Covid-19
34604831,Yes,Time Series,Covid-19
34601321,Yes,Multiple,Covid-19
34600500,Yes,Compartmental,General (theoretical model)
34600485,Yes,Time Series,Covid-19
34599162,Yes,Spatiotemporal,Lassa fever
34595708,Yes,Spatiotemporal,Covid-19
34592277,Yes,Multiple,Covid-19
34591897,Yes,Compartmental,Covid-19
34588487,Yes,Compartmental,General (theoretical model)
34586304,Yes,Spatiotemporal,Dengue
34585031,Yes,Compartmental,Syphilis
34585030,Yes,Compartmental,General (theoretical model)
34584428,Yes,Time Series,Covid-19
34583564,Yes,Time Series,General (theoretical model)
34580569,Yes,Spatiotemporal,Influenza illnesses
34575666,Yes,Multiple,Covid-19
34574996,Yes,Compartmental,General (theoretical model)
34574785,Yes,Compartmental,Covid-19
34574592,Yes,Spatiotemporal,Borrelia burgdorferi
34574459,Yes,Spatiotemporal,Leishmaniasis
34574418,Yes,Compartmental,Dengue
34573860,Yes,Compartmental,General (theoretical model)
34568837,Yes,Time Series,Covid-19
34568179,Yes,Time Series,Mumps
34567593,Yes,Compartmental,Covid-19
34567282,Yes,Time Series,Covid-19
34566882,Yes,Compartmental,General (theoretical model)
34566221,Yes,Multiple,General (theoretical model)
34559815,Yes,Compartmental,General (theoretical model)
34556681,Yes,Multiple,Covid-19
34552726,Yes,Time Series,Covid-19
34552139,Yes,Agent-based,Covid-19
34551108,Yes,Compartmental,Influenza illnesses
34550488,Yes,Compartmental,General (theoretical model)
34550465,Yes,Compartmental,General (theoretical model)
34548702,Yes,Time Series,Covid-19
34547363,Yes,Compartmental,Covid-19
34541519,Yes,Time Series,Covid-19
34539296,Yes,Compartmental,General (theoretical model)
34538991,Yes,Compartmental,Covid-19
34538699,Yes,Compartmental,Covid-19
34534205,Yes,Agent-based,Covid-19
34529036,Yes,Agent-based,General (theoretical model)
34527265,Yes,Compartmental,Covid-19
34525112,Yes,Compartmental,Covid-19
34521916,Yes,Compartmental,Covid-19
34520691,Yes,Time Series,Dengue
34514293,Yes,Agent-based,Covid-19
34514179,Yes,Compartmental,Covid-19
34513550,Yes,Time Series,Covid-19
34512113,Yes,Compartmental,Covid-19
34512104,Yes,Spatiotemporal,Covid-19
34511751,Yes,Time Series,Covid-19
34511724,Yes,Time Series,Covid-19
34511711,Yes,Agent-based,Covid-19
34510006,Yes,Time Series,Gonorrhea
34508349,Yes,Time Series,Covid-19
34507859,Yes,Compartmental,Covid-19
34501616,Yes,Compartmental,Covid-19
34499681,Yes,Multiple,Covid-19
34497742,Yes,Compartmental,Covid-19
34496857,Yes,Spatiotemporal,General (theoretical model)
34495965,Yes,Compartmental,Covid-19
34493935,Yes,Compartmental,General (theoretical model)
34493902,Yes,Compartmental,Covid-19
34493510,Yes,Compartmental,Covid-19
34493272,Yes,Compartmental,Lumpy skin disease
34493226,Yes,Compartmental,Covid-19
34485738,Yes,Agent-based,Influenza illnesses
34483725,Yes,Compartmental,Covid-19
34483720,Yes,Compartmental,Covid-19
34482186,Yes,Compartmental,Covid-19
34482101,Yes,Time Series,Covid-19
34480062,Yes,Spatiotemporal,Covid-19
34478923,Yes,Compartmental,Covid-19
34474189,Yes,Compartmental,Covid-19
34473809,Yes,Compartmental,Covid-19
34473711,Yes,Time Series,Covid-19
34469429,Yes,Agent-based,Covid-19
34466764,Yes,Spatiotemporal,Covid-19
34466760,Yes,Time Series,HFMD
34458082,Yes,Time Series,Covid-19
34456557,Yes,Compartmental,Covid-19
34456533,Yes,Compartmental,General (theoretical model)
34456179,Yes,Time Series,Covid-19
34452040,Yes,Compartmental,Covid-19
34449743,Yes,Compartmental,Ebola
34449629,Yes,Compartmental,Covid-19
34449401,Yes,Time Series,Covid-19
34446011,Yes,Agent-based,Covid-19
34444409,Yes,Time Series,Covid-19
34437531,Yes,Agent-based,Covid-19
34428971,Yes,Compartmental,Covid-19
34428950,Yes,Agent-based,Covid-19
34428329,Yes,Time Series,Covid-19
34428212,Yes,Spatiotemporal,HFMD
34426808,Yes,Time Series,Malaria
34426804,Yes,Compartmental,Covid-19
34426791,Yes,Time Series,Covid-19
34425301,Yes,Agent-based,Covid-19
34425136,Yes,Compartmental,Covid-19
34421125,Yes,Compartmental,Covid-19
34419601,Yes,Compartmental,General (theoretical model)
34415941,Yes,Spatiotemporal,General (theoretical model)
34414342,Yes,Compartmental,Covid-19
34414067,Yes,Spatiotemporal,Covid-19
34413555,Yes,Time Series,Covid-19
34412581,Yes,Time Series,HFRS
34411182,Yes,Time Series,Covid-19
34408076,Yes,Compartmental,Covid-19
34407487,Yes,Time Series,Covid-19
34407115,Yes,Agent-based,Covid-19
34407105,Yes,Agent-based,Covid-19
34403783,Yes,Time Series,Covid-19
34401893,Yes,Agent-based,Covid-19
34401401,Yes,Compartmental,Covid-19
34401224,Yes,Compartmental,Covid-19
34397825,Yes,Time Series,Covid-19
34396152,Yes,Compartmental,General (theoretical model)
34395364,Yes,Spatiotemporal,Covid-19
34395158,Yes,Compartmental,Covid-19
34394298,Yes,Time Series,Covid-19
34393387,Yes,Compartmental,Covid-19
34393261,Yes,Time Series,Covid-19
34391402,Yes,Spatiotemporal,Covid-19
34384411,Yes,Compartmental,Influenza illnesses
34383788,Yes,Spatiotemporal,Syphilis
34381100,Yes,Compartmental,Covid-19
34381096,Yes,Compartmental,General (theoretical model)
34380721,Yes,Spatiotemporal,Covid-19
34379641,Yes,Spatiotemporal,Dengue
34377879,Yes,Spatiotemporal,Covid-19
34377623,Yes,Compartmental,Covid-19
34376920,Yes,Time Series,Covid-19
34375559,Yes,Agent-based,West Nile virus
34374438,Yes,Compartmental,Covid-19
34373859,Yes,Agent-based,Covid-19
34370734,Yes,Agent-based,Dengue
34368752,Yes,Spatiotemporal,Covid-19
34362947,Yes,Agent-based,General (theoretical model)
34362936,Yes,Agent-based,Covid-19
34362150,Yes,Time Series,Multiple different agents
34360504,Yes,Agent-based,Covid-19
34358241,Yes,Time Series,Unspecified (super-category)
34358151,Yes,Compartmental,Covid-19
34356522,Yes,Compartmental,Covid-19
34354055,Yes,Agent-based,Covid-19
34353525,Yes,Spatiotemporal,Covid-19
34352565,Yes,Agent-based,Covid-19
34347175,Yes,Time Series,Covid-19
34347060,Yes,Agent-based,Resistant bacteria
34346897,Yes,Time Series,Covid-19
34345875,Yes,Agent-based,Covid-19
34344351,Yes,Time Series,RSV
34344318,Yes,Compartmental,Covid-19
34339424,Yes,Spatiotemporal,HFMD
34336986,Yes,Multiple,Covid-19
34335995,Yes,Compartmental,Covid-19
34335122,Yes,Time Series,Covid-19
34335018,Yes,Multiple,Covid-19
34334951,Yes,Compartmental,Covid-19
34334841,Yes,Compartmental,General (theoretical model)
34333119,Yes,Compartmental,Covid-19
34330988,Yes,Compartmental,Covid-19
34327356,Yes,Spatiotemporal,Chlamydia
34325230,Yes,Agent-based,Covid-19
34324605,Yes,Compartmental,Covid-19
34321897,Yes,Time Series,HFMD
34316402,Yes,Time Series,Covid-19
34312573,Yes,Agent-based,Covid-19
34312473,Yes,Compartmental,Covid-19
34312227,Yes,Compartmental,Covid-19
34310614,Yes,Agent-based,Dengue
34310589,Yes,Agent-based,Covid-19
34308400,Yes,Compartmental,Covid-19
34307999,Yes,Compartmental,Covid-19
34307826,Yes,Time Series,Covid-19
34307007,Yes,Spatiotemporal,Covid-19
34306043,Yes,Agent-based,Measles
34305445,Yes,Compartmental,Covid-19
34303266,Yes,Compartmental,Covid-19
34302820,Yes,Compartmental,Covid-19
34300045,Yes,Compartmental,Covid-19
34299945,Yes,Compartmental,Covid-19
34299889,Yes,Spatiotemporal,Influenza illnesses
34291032,Yes,Compartmental,Covid-19
34291025,Yes,Time Series,Covid-19
34288969,Yes,Time Series,Covid-19
34288925,Yes,Time Series,Influenza illnesses
34283832,Yes,Spatiotemporal,Covid-19
34282250,Yes,Compartmental,Covid-19
34281057,Yes,Spatiotemporal,Influenza illnesses
34277860,Yes,Spatiotemporal,Malaria
34277349,Yes,Spatiotemporal,Covid-19
34277332,Yes,Spatiotemporal,Covid-19
34277145,Yes,Time Series,Covid-19
34276139,Yes,Compartmental,Covid-19
34276115,Yes,Spatiotemporal,Covid-19
34276105,Yes,Agent-based,Covid-19
34274896,Yes,Agent-based,Covid-19
34274126,Yes,Compartmental,Covid-19
34269629,Yes,Compartmental,Covid-19
34269173,Yes,Time Series,Covid-19
34262958,Yes,Compartmental,African trypanosomiasis
34260633,Yes,Compartmental,Covid-19
34260584,Yes,Compartmental,Rabies/ Lyssavirus
34258483,Yes,Agent-based,Covid-19
34257350,Yes,Agent-based,Covid-19
34255985,Yes,Compartmental,Covid-19
34254048,Yes,Time Series,Covid-19
34253835,Yes,Spatiotemporal,General (theoretical model)
34253768,Yes,Time Series,Covid-19
34253340,Yes,Time Series,Covid-19
34252083,Yes,Agent-based,Covid-19
34249495,Yes,Time Series,Covid-19
34249124,Yes,Compartmental,Covid-19
34248448,Yes,Time Series,Covid-19
34245814,Yes,Agent-based,Covid-19
34244764,Yes,Compartmental,Covid-19
34242278,Yes,Compartmental,Covid-19
34233967,Yes,Time Series,Influenza illnesses
34233622,Yes,Compartmental,Influenza illnesses
34230906,Yes,Multiple,Covid-19
34230688,Yes,Spatiotemporal,Covid-19
34230582,Yes,Spatiotemporal,Covid-19
34228758,Yes,Multiple,Ebola
34226872,Yes,Compartmental,Covid-19
34226787,Yes,Compartmental,Covid-19
34226756,Yes,Compartmental,Covid-19
34226649,Yes,Compartmental,Covid-19
34225650,Yes,Compartmental,HFMD
34222840,Yes,Multiple,Covid-19
34221823,Yes,Compartmental,Covid-19
34221247,Yes,Compartmental,General (theoretical model)
34218862,Yes,Compartmental,Covid-19
34218344,Yes,Compartmental,General (theoretical model)
34216636,Yes,Compartmental,Covid-19
34216635,Yes,Compartmental,Covid-19
34211113,Yes,Spatiotemporal,Covid-19
34205809,Yes,Time Series,Covid-19
34203491,Yes,Spatiotemporal,Leptospirosis
34202504,Yes,Spatiotemporal,TB and mycobacteria
34200681,Yes,Spatiotemporal,Covid-19
34199996,Yes,Spatiotemporal,Malaria
34192228,Yes,Time Series,Covid-19
34188432,Yes,Compartmental,Covid-19
34188342,Yes,Compartmental,General (theoretical model)
34188073,Yes,Spatiotemporal,Aspergillus
34187546,Yes,Spatiotemporal,Vector
34182972,Yes,Time Series,Covid-19
34179672,Yes,Multiple,Covid-19
34178594,Yes,Time Series,Covid-19
34177316,Yes,Compartmental,Covid-19
34176979,Yes,Compartmental,Covid-19
34176029,Yes,Compartmental,General (theoretical model)
34173890,Yes,Compartmental,Covid-19
34162708,Yes,Spatiotemporal,Covid-19
34162556,Yes,Spatiotemporal,RSV
34162451,Yes,Time Series,Covid-19
34161908,Yes,Agent-based,Covid-19
34156966,Yes,Time Series,Covid-19
34155422,Yes,Agent-based,General (theoretical model)
34154551,Yes,Time Series,Unspecified (super-category)
34153840,Yes,Spatiotemporal,Leptospirosis
34153623,Yes,Compartmental,Covid-19
34151134,Yes,Spatiotemporal,Covid-19
34150986,Yes,Compartmental,Covid-19
34149967,Yes,Compartmental,Covid-19
34149835,Yes,Compartmental,Covid-19
34149279,Yes,Compartmental,Covid-19
34149236,Yes,Compartmental,Covid-19
34149148,Yes,Spatiotemporal,Covid-19
34143771,Yes,Spatiotemporal,Chikungunya
34140873,Yes,Time Series,Dengue
34138911,Yes,Compartmental,General (theoretical model)
34136660,Yes,Compartmental,Covid-19
34136653,Yes,Compartmental,Covid-19
34132978,Yes,Agent-based,Covid-19
34131877,Yes,Time Series,Covid-19
34131557,Yes,Compartmental,Covid-19
34129608,Yes,Compartmental,Covid-19
34127952,Yes,Compartmental,General (theoretical model)
34127946,Yes,Compartmental,Covid-19
34127757,Yes,Agent-based,Covid-19
34127000,Yes,Spatiotemporal,Covid-19
34123716,Yes,Agent-based,Covid-19
34123390,Yes,Agent-based,Covid-19
34121818,Yes,Spatiotemporal,Covid-19
34115791,Yes,Spatiotemporal,Covid-19
34115753,Yes,Spatiotemporal,Dengue
34113657,Yes,Compartmental,Covid-19
34112588,Yes,Compartmental,Covid-19
34112587,Yes,Compartmental,Covid-19
34111117,Yes,Time Series,Dengue
34108815,Yes,Compartmental,Covid-19
34107917,Yes,Compartmental,Covid-19
34106977,Yes,Time Series,Unspecified (super-category)
34105632,Yes,Time Series,Covid-19
34104256,Yes,Time Series,Covid-19
34103789,Yes,Compartmental,General (theoretical model)
34103780,Yes,Compartmental,Covid-19
34103325,Yes,Spatiotemporal,Covid-19
34102403,Yes,Agent-based,Covid-19
34101040,Yes,Compartmental,General (theoretical model)
34098885,Yes,Compartmental,Covid-19
34097433,Yes,Agent-based,Covid-19
34095599,Yes,Compartmental,Covid-19
34094819,Yes,Compartmental,Covid-19
34094795,Yes,Compartmental,Covid-19
34092919,Yes,Compartmental,Covid-19
34092918,Yes,Compartmental,Covid-19
34091584,Yes,Agent-based,HIV
34086772,Yes,Spatiotemporal,Influenza illnesses
34083582,Yes,Agent-based,Malaria
34079304,Yes,Time Series,TB and mycobacteria
34077483,Yes,Compartmental,Covid-19
34076627,Yes,Time Series,Covid-19
34075326,Yes,Compartmental,General (theoretical model)
34075198,Yes,Time Series,Brucellosis
34075157,Yes,Spatiotemporal,Malaria
34073946,Yes,Agent-based,Covid-19
34073810,Yes,Compartmental,Covid-19
34073465,Yes,Agent-based,Covid-19
34073319,Yes,Time Series,Malaria
34071801,Yes,Time Series,Covid-19
34071047,Yes,Agent-based,Covid-19
34070616,Yes,Time Series,Covid-19
34070039,Yes,Spatiotemporal,Vector
34067128,Yes,Compartmental,Covid-19
34066231,Yes,Compartmental,Covid-19
34064738,Yes,Spatiotemporal,Malaria
34063465,Yes,Compartmental,Covid-19
34063073,Yes,Spatiotemporal,HFMD
34061203,Yes,Time Series,Covid-19
34059063,Yes,Spatiotemporal,Covid-19
34058004,Yes,Time Series,Covid-19
34054336,Yes,Spatiotemporal,Covid-19
34054229,Yes,Compartmental,Covid-19
34053271,Yes,Time Series,Covid-19
34053265,Yes,Compartmental,Covid-19
34053258,Yes,Compartmental,Covid-19
34053255,Yes,Compartmental,Covid-19
34048904,Yes,Spatiotemporal,Covid-19
34045593,Yes,Spatiotemporal,General (theoretical model)
34045002,Yes,Time Series,Unspecified (super-category)
34044880,Yes,Spatiotemporal,Vector
34043676,Yes,Compartmental,Covid-19
34043172,Yes,Time Series,Covid-19
34040494,Yes,Compartmental,Covid-19
34040093,Yes,Spatiotemporal,Covid-19
34039413,Yes,Time Series,Trichinellosis
34039289,Yes,Compartmental,Covid-19
34035086,Yes,Compartmental,Covid-19
34031465,Yes,Compartmental,Covid-19
34031114,Yes,Spatiotemporal,Covid-19
34030332,Yes,Time Series,Covid-19
34027263,Yes,Spatiotemporal,Covid-19
34026472,Yes,Time Series,Covid-19
34026471,Yes,Compartmental,Covid-19
34026423,Yes,Compartmental,Covid-19
34019589,Yes,Compartmental,Covid-19
34019561,Yes,Agent-based,Covid-19
34019536,Yes,Spatiotemporal,Dengue
34017008,Yes,Agent-based,Covid-19
34016439,Yes,Time Series,Covid-19
34015676,Yes,Time Series,Covid-19
34012470,Yes,Time Series,Covid-19
34011491,Yes,Time Series,Covid-19
34007250,Yes,Compartmental,Covid-19
34006346,Yes,Compartmental,Covid-19
34006343,Yes,Time Series,Covid-19
34002294,Yes,Compartmental,Covid-19
34002127,Yes,Compartmental,Covid-19
34002125,Yes,Compartmental,Covid-19
34001251,Yes,Compartmental,Covid-19
33996402,Yes,Compartmental,Covid-19
33994895,Yes,Time Series,Covid-19
33994677,Yes,Compartmental,General (theoretical model)
33994664,Yes,Compartmental,General (theoretical model)
33994652,Yes,Spatiotemporal,Covid-19
33993870,Yes,Time Series,Unspecified (super-category)
33993161,Yes,Agent-based,Gonorrhea
33991293,Yes,Agent-based,General (theoretical model)
33989292,Yes,Time Series,Leptospirosis
33988707,Yes,Agent-based,Covid-19
33986347,Yes,Compartmental,General (theoretical model)
33984687,Yes,Compartmental,Covid-19
33983966,Yes,Compartmental,Ebola
33983953,Yes,Time Series,Covid-19
33980920,Yes,Compartmental,Covid-19
33980718,Yes,Agent-based,Covid-19
33980401,Yes,Spatiotemporal,Covid-19
33977079,Yes,Compartmental,Covid-19
33972270,Yes,Compartmental,Covid-19
33971429,Yes,Compartmental,Covid-19
33971307,Yes,Compartmental,Covid-19
33968871,Yes,Compartmental,Covid-19
33968462,Yes,Compartmental,Covid-19
33967408,Yes,Compartmental,Covid-19
33965636,Yes,Compartmental,Covid-19
33963259,Yes,Compartmental,Covid-19
33962683,Yes,Compartmental,Covid-19
33962563,Yes,Time Series,Covid-19
33959371,Yes,Compartmental,Covid-19
33958443,Yes,Compartmental,Covid-19
33956249,Yes,Compartmental,Covid-19
33948613,Yes,Agent-based,Covid-19
33942171,Yes,Compartmental,General (theoretical model)
33942002,Yes,Time Series,Covid-19
33941073,Yes,Time Series,Unspecified (super-category)
33937735,Yes,Agent-based,Covid-19
33937734,Yes,Compartmental,Covid-19
33937179,Yes,Time Series,Covid-19
33936325,Yes,Time Series,Covid-19
33935582,Yes,Compartmental,Covid-19
33935381,Yes,Compartmental,Covid-19
33933229,Yes,Compartmental,Covid-19
33933228,Yes,Compartmental,Covid-19
33933085,Yes,Spatiotemporal,Malaria
33930762,Yes,Agent-based,Covid-19
33928902,Yes,Spatiotemporal,Measles
33926892,Yes,Spatiotemporal,Covid-19
33925650,Yes,Agent-based,Covid-19
33923094,Yes,Time Series,Covid-19
33921934,Yes,Compartmental,Covid-19
33921152,Yes,Compartmental,Covid-19
33920027,Yes,Agent-based,Covid-19
33919501,Yes,Compartmental,General (theoretical model)
33917544,Yes,Time Series,Covid-19
33915940,Yes,Time Series,Covid-19
33915790,Yes,Spatiotemporal,Covid-19
33915478,Yes,Agent-based,Covid-19
33915272,Yes,Time Series,Covid-19
33915160,Yes,Compartmental,Covid-19
33914758,Yes,Time Series,Covid-19
33911131,Yes,Agent-based,Covid-19
33907222,Yes,Compartmental,Covid-19
33902631,Yes,Time Series,HIV
33900932,Yes,Time Series,Covid-19
33900929,Yes,Compartmental,Covid-19
33899348,Yes,Agent-based,TB and mycobacteria
33899097,Yes,Time Series,Covid-19
33899039,Yes,Compartmental,Covid-19
33898884,Yes,Compartmental,Covid-19
33898377,Yes,Spatiotemporal,Covid-19
33897087,Yes,Compartmental,Covid-19
33893279,Yes,Spatiotemporal,Covid-19
33891608,Yes,Spatiotemporal,Leishmaniasis
33887314,Yes,Agent-based,Covid-19
33886669,Yes,Time Series,Influenza illnesses
33886486,Yes,Time Series,Covid-19
33882066,Yes,Agent-based,Covid-19
33882025,Yes,Time Series,Covid-19
33880423,Yes,Compartmental,Covid-19
33880323,Yes,Compartmental,Covid-19
33879824,Yes,Time Series,Covid-19
33878351,Yes,Agent-based,Covid-19
33877537,Yes,Time Series,Unspecified (super-category)
33875751,Yes,Spatiotemporal,Covid-19
33872188,Yes,Agent-based,Covid-19
33868908,Yes,Spatiotemporal,Covid-19
33868907,Yes,Compartmental,Covid-19
33867699,Yes,Compartmental,General (theoretical model)
33864970,Yes,Compartmental,Covid-19
33864137,Yes,Compartmental,General (theoretical model)
33863575,Yes,Compartmental,Measles
33862214,Yes,Time Series,Covid-19
33862212,Yes,Spatiotemporal,Covid-19
33862210,Yes,Agent-based,Covid-19
33859542,Yes,Agent-based,Covid-19
33858432,Yes,Agent-based,Malaria
33857499,Yes,Agent-based,Covid-19
33851007,Yes,Compartmental,General (theoretical model)
33851002,Yes,Agent-based,Resistant bacteria
33850668,Yes,Compartmental,Covid-19
33850666,Yes,Agent-based,Covid-19
33850441,Yes,Compartmental,Covid-19
33850338,Yes,Compartmental,Covid-19
33846378,Yes,Agent-based,Covid-19
33844636,Yes,Time Series,Covid-19
33841752,Yes,Compartmental,Covid-19
33841583,Yes,Compartmental,Covid-19
33840897,Yes,Compartmental,Covid-19
33840175,Yes,Multiple,Covid-19
33836017,Yes,Agent-based,Covid-19
33832451,Yes,Time Series,HIV
33827852,Yes,Time Series,Covid-19
33824850,Yes,Agent-based,General (theoretical model)
33823822,Yes,Agent-based,Covid-19
33822785,Yes,Compartmental,Covid-19
33821197,Yes,Time Series,Covid-19
33821142,Yes,Time Series,Covid-19
33817630,Yes,Compartmental,Covid-19
33816095,Yes,Spatiotemporal,Covid-19
33816084,Yes,Compartmental,Covid-19
33814968,Yes,Compartmental,Covid-19
33814655,Yes,Compartmental,General (theoretical model)
33812742,Yes,Agent-based,Covid-19
33805362,Yes,Agent-based,MERS
33802866,Yes,Time Series,Covid-19
33802501,Yes,Compartmental,Covid-19
33802247,Yes,Spatiotemporal,Covid-19
33801188,Yes,Time Series,General (theoretical model)
33800896,Yes,Compartmental,Covid-19
33799900,Yes,Spatiotemporal,Covid-19
33799289,Yes,Compartmental,Covid-19
33798755,Yes,Compartmental,Covid-19
33798208,Yes,Spatiotemporal,Bubonic plague
33798201,Yes,Time Series,HIV
33795723,Yes,Time Series,Covid-19
33794286,Yes,Compartmental,Covid-19
33793551,Yes,Compartmental,Covid-19
33791745,Yes,Spatiotemporal,Covid-19
33787909,Yes,Agent-based,Covid-19
33786413,Yes,Agent-based,Covid-19
33786024,Yes,Compartmental,Covid-19
33785291,Yes,Compartmental,Covid-19
33784882,Yes,Agent-based,General (theoretical model)
33784332,Yes,Compartmental,Covid-19
33784311,Yes,Multiple,Zika
33784239,Yes,Spatiotemporal,Covid-19
33783394,Yes,Time Series,General (theoretical model)
33781224,Yes,Compartmental,Covid-19
33780504,Yes,Compartmental,Covid-19
33780496,Yes,Spatiotemporal,Covid-19
33780443,Yes,Compartmental,Covid-19
33777668,Yes,Compartmental,Covid-19
33777127,Yes,Compartmental,Covid-19
33776559,Yes,Spatiotemporal,Covid-19
33774176,Yes,Compartmental,Covid-19
33772076,Yes,Agent-based,Covid-19
33765977,Yes,Compartmental,Covid-19
33764982,Yes,Compartmental,Covid-19
33763643,Yes,Time Series,Covid-19
33762613,Yes,Spatiotemporal,Covid-19
33758869,Yes,Compartmental,Covid-19
33758464,Yes,Compartmental,Covid-19
33755577,Yes,Compartmental,Covid-19
33750735,Yes,Agent-based,Covid-19
33746459,Yes,Compartmental,Covid-19
33746335,Yes,Time Series,Covid-19
33746320,Yes,Compartmental,Covid-19
33741734,Yes,Agent-based,Covid-19
33740904,Yes,Time Series,Brucellosis
33738825,Yes,Compartmental,Covid-19
33737555,Yes,Agent-based,Covid-19
33735290,Yes,Agent-based,Covid-19
33735223,Yes,Compartmental,General (theoretical model)
33734944,Yes,Compartmental,Small pox
33731722,Yes,Agent-based,Covid-19
33731053,Yes,Compartmental,Covid-19
33730035,Yes,Spatiotemporal,Covid-19
33727767,Yes,Compartmental,Covid-19
33727636,Yes,Time Series,Covid-19
33726787,Yes,Agent-based,Covid-19
33644499,Yes,Compartmental,Covid-19
33725011,Yes,Time Series,HFRS
33723312,Yes,Compartmental,Covid-19
33718314,Yes,Time Series,Covid-19
33688668,Yes,Agent-based,Covid-19
33720988,Yes,Compartmental,Covid-19
33719356,Yes,Compartmental,Ebola
33712416,Yes,Agent-based,Covid-19
33711969,Yes,Agent-based,Measles
33711939,Yes,Spatiotemporal,General (theoretical model)
33711799,Yes,Spatiotemporal,Covid-19
33709095,Yes,Compartmental,Covid-19
33707546,Yes,Compartmental,Covid-19
33706731,Yes,Agent-based,Malaria
33686377,Yes,Spatiotemporal,Covid-19
33612959,Yes,Compartmental,Covid-19
33558783,Yes,Compartmental,Covid-19
33551582,Yes,Compartmental,General (theoretical model)
33519124,Yes,Compartmental,Covid-19
33519102,Yes,Compartmental,Covid-19
33495675,Yes,Compartmental,Covid-19
33424141,Yes,Compartmental,Covid-19
33705424,Yes,Compartmental,Covid-19
33691815,Yes,Time Series,Covid-19
33690150,Yes,Time Series,Covid-19
33690143,Yes,Time Series,Covid-19
33612918,Yes,Compartmental,General (theoretical model)
33324027,Yes,Compartmental,General (theoretical model)
33686939,Yes,Spatiotemporal,Malaria
33686125,Yes,Spatiotemporal,Covid-19
33686075,Yes,Time Series,Covid-19
33684415,Yes,Time Series,Covid-19
33684126,Yes,Time Series,Rift valley fever
33682078,Yes,Compartmental,Covid-19
33678904,Yes,Compartmental,General (theoretical model)
33678199,Yes,Spatiotemporal,Covid-19
33676092,Yes,Time Series,TB and mycobacteria
33673819,Yes,Spatiotemporal,Covid-19
33672496,Yes,Agent-based,Rabies/ Lyssavirus
33671423,Yes,Spatiotemporal,HFMD
33667241,Yes,Compartmental,Covid-19
33667173,Yes,Compartmental,Covid-19
33665042,Yes,Spatiotemporal,Covid-19
33623733,Yes,Compartmental,Covid-19
33623731,Yes,Compartmental,Covid-19
33520615,Yes,Compartmental,Covid-19
33661904,Yes,Spatiotemporal,Dengue
33661888,Yes,Compartmental,General (theoretical model)
33649692,Yes,Compartmental,Covid-19
33651819,Yes,Agent-based,Covid-19
33623480,Yes,Time Series,Covid-19
33614571,Yes,Spatiotemporal,Covid-19
33647029,Yes,Spatiotemporal,Malaria
33643810,Yes,Spatiotemporal,Covid-19
33643707,Yes,Compartmental,Covid-19
33643496,Yes,Time Series,Covid-19
33643473,Yes,Agent-based,Covid-19
33558794,Yes,Compartmental,Covid-19
33639138,Yes,Compartmental,General (theoretical model)
33637062,Yes,Compartmental,Covid-19
33635330,Yes,Agent-based,Clostridioides difficile
33634367,Yes,Compartmental,Adenovirus
33633491,Yes,Agent-based,Covid-19
33633275,Yes,Compartmental,Covid-19
33633250,Yes,Spatiotemporal,Covid-19
33619419,Yes,Compartmental,Covid-19
33612854,Yes,Compartmental,Covid-19
33630972,Yes,Time Series,Covid-19
33630966,Yes,Time Series,Covid-19
33628235,Yes,Time Series,Covid-19
33627165,Yes,Spatiotemporal,West Nile virus
33623817,Yes,Spatiotemporal,Covid-19
33623479,Yes,Compartmental,Covid-19
33520671,Yes,Compartmental,Covid-19
33622148,Yes,Compartmental,Covid-19
33622024,Yes,Compartmental,Covid-19
33553085,Yes,Time Series,Covid-19
33532246,Yes,Time Series,Covid-19
33391984,Yes,Compartmental,Covid-19
33619027,Yes,Compartmental,Covid-19
33614394,Yes,Compartmental,Covid-19
33614060,Yes,Compartmental,General (theoretical model)
33613667,Yes,Compartmental,Covid-19
33613017,Yes,Compartmental,Covid-19
33612999,Yes,Compartmental,Covid-19
33495669,Yes,Compartmental,Covid-19
33610582,Yes,Compartmental,Covid-19
33610314,Yes,Compartmental,Covid-19
33607970,Yes,Time Series,Rotavirus
33606802,Yes,Compartmental,General (theoretical model)
33606714,Yes,Agent-based,Covid-19
33606684,Yes,Spatiotemporal,Covid-19
33605421,Yes,Spatiotemporal,Covid-19
33605383,Yes,Time Series,Covid-19
33604654,Yes,Compartmental,Covid-19
33603113,Yes,Compartmental,Covid-19
33602959,Yes,Spatiotemporal,Dengue
33602160,Yes,Spatiotemporal,Anthrax
33390874,Yes,Compartmental,Covid-19
33600454,Yes,Spatiotemporal,Typhus
33599037,Yes,Agent-based,General (theoretical model)
33596871,Yes,Time Series,Mumps
33596869,Yes,Spatiotemporal,HFMD
33584158,Yes,Time Series,Covid-19
33575412,Yes,Time Series,Covid-19
33558855,Yes,Compartmental,Covid-19
33519118,Yes,Compartmental,Covid-19
33519117,Yes,Time Series,Covid-19
33456212,Yes,Spatiotemporal,Covid-19
33596247,Yes,Agent-based,Covid-19
33594478,Yes,Compartmental,Covid-19
33592029,Yes,Compartmental,Covid-19
33580113,Yes,Spatiotemporal,Covid-19
33579561,Yes,Time Series,Covid-19
33579294,Yes,Spatiotemporal,Malaria
33577573,Yes,Spatiotemporal,Rabies/ Lyssavirus
33577564,Yes,Compartmental,General (theoretical model)
33568082,Yes,Spatiotemporal,General (theoretical model)
33564205,Yes,Spatiotemporal,Covid-19
33562509,Yes,Compartmental,Covid-19
33562465,Yes,Compartmental,Covid-19
33558607,Yes,Time Series,Covid-19
33557818,Yes,Time Series,Covid-19
33556327,Yes,Spatiotemporal,Covid-19
33553466,Yes,Compartmental,Covid-19
33553058,Yes,Time Series,Multiple different agents
33552151,Yes,Compartmental,Covid-19
33551570,Yes,Compartmental,Covid-19
33551528,Yes,Spatiotemporal,Covid-19
33549166,Yes,Time Series,HIV
33546131,Yes,Spatiotemporal,Measles
33521404,Yes,Time Series,Covid-19
33544752,Yes,Time Series,HFMD
33540378,Yes,Compartmental,Covid-19
33532790,Yes,Agent-based,Covid-19
33521407,Yes,Time Series,Covid-19
33534810,Yes,Compartmental,General (theoretical model)
33534784,Yes,Agent-based,Unspecified (super-category)
33534755,Yes,Spatiotemporal,Dengue
33531729,Yes,Compartmental,Multiple different agents
33530563,Yes,Compartmental,Covid-19
33530386,Yes,Spatiotemporal,Malaria
33529565,Yes,Spatiotemporal,Vector
33526950,Yes,Compartmental,General (theoretical model)
33521186,Yes,Time Series,Covid-19
33518773,Yes,Spatiotemporal,General (theoretical model)
33442558,Yes,Compartmental,Covid-19
33330884,Yes,Agent-based,Covid-19
33525354,Yes,Time Series,Salmonellosis
33522669,Yes,Time Series,Covid-19
33520905,Yes,Multiple,Covid-19
33519302,Yes,Compartmental,Covid-19
33519121,Yes,Compartmental,Covid-19
33519119,Yes,Compartmental,Covid-19
33515252,Yes,Agent-based,Covid-19
33514771,Yes,Compartmental,Covid-19
33513882,Yes,Time Series,Rabies/ Lyssavirus
33513139,Yes,Compartmental,Covid-19
33505808,Yes,Compartmental,Covid-19
33508030,Yes,Compartmental,Covid-19
33507932,Yes,Time Series,Covid-19
33503938,Yes,Spatiotemporal,HIV
33503063,Yes,Time Series,Unspecified (super-category)
33501885,Yes,Compartmental,Covid-19
33500445,Yes,Agent-based,General (theoretical model)
33499138,Yes,Compartmental,Covid-19
33495509,Yes,Spatiotemporal,Covid-19
33489008,Yes,Spatiotemporal,Nocardia
33486527,Yes,Spatiotemporal,General (theoretical model)
33391987,Yes,Agent-based,Covid-19
33484644,Yes,Agent-based,Covid-19
33482526,Yes,Spatiotemporal,Covid-19
33481956,Yes,Compartmental,Covid-19
33478962,Yes,Time Series,TB and mycobacteria
33477576,Yes,Spatiotemporal,Covid-19
33472790,Yes,Time Series,Covid-19
33465142,Yes,Multiple,Covid-19
33462589,Yes,Agent-based,Covid-19
33462560,Yes,Time Series,Covid-19
33460674,Yes,Compartmental,Covid-19
33442712,Yes,Agent-based,Covid-19
33442704,Yes,Time Series,Covid-19
33457496,Yes,Compartmental,Covid-19
33457150,Yes,Compartmental,Covid-19
33456433,Yes,Time Series,Covid-19
33455588,Yes,Time Series,Covid-19
33451092,Yes,Compartmental,Covid-19
33450286,Yes,Compartmental,Covid-19
33449934,Yes,Spatiotemporal,Influenza illnesses
33449276,Yes,Compartmental,Covid-19
33446891,Yes,Compartmental,Covid-19
33446859,Yes,Time Series,Covid-19
33446283,Yes,Time Series,HFMD
33442818,Yes,Compartmental,Covid-19
33441598,Yes,Spatiotemporal,Dengue
33441091,Yes,Agent-based,Covid-19
33439880,Yes,Compartmental,Covid-19
33439868,Yes,Spatiotemporal,General (theoretical model)
33436862,Yes,Spatiotemporal,Malaria
33435892,Yes,Compartmental,Covid-19
33435631,Yes,Compartmental,Covid-19
33434673,Yes,Compartmental,Covid-19
33432337,Yes,Time Series,Covid-19
33430945,Yes,Spatiotemporal,Dengue
33430851,Yes,Time Series,Covid-19
33430832,Yes,Agent-based,Covid-19
33428623,Yes,Spatiotemporal,Yellow fever
33425640,Yes,Compartmental,Covid-19
33424955,Yes,Compartmental,Covid-19
33424432,Yes,Time Series,Covid-19
33422330,Yes,Time Series,Covid-19
33420154,Yes,Agent-based,General (theoretical model)
33417605,Yes,Compartmental,Covid-19
33413723,Yes,Compartmental,Covid-19
33413715,Yes,Compartmental,Covid-19
33412586,Yes,Compartmental,Covid-19
33411744,Yes,Time Series,Covid-19
33411739,Yes,Spatiotemporal,West Nile virus
33407789,Yes,Spatiotemporal,Schistomiasis
33406136,Yes,Spatiotemporal,Schistomiasis
33406106,Yes,Compartmental,General (theoretical model)
33401753,Yes,Spatiotemporal,Zika
33400698,Yes,Time Series,Leprosy
33388436,Yes,Compartmental,Covid-19
33387692,Yes,Spatiotemporal,Covid-19
33360871,Yes,Compartmental,Covid-19
33360131,Yes,Agent-based,Covid-19
33359440,Yes,Compartmental,Covid-19
33294749,Yes,Compartmental,Covid-19
33342517,Yes,Multiple,Covid-19
33341667,Yes,Agent-based,HIV
33326924,Yes,Agent-based,Covid-19
33324533,Yes,Time Series,Covid-19
33313455,Yes,Agent-based,Covid-19
33308354,Yes,Agent-based,Covid-19
33303180,Yes,Compartmental,Bordetella pertussis
33301769,Yes,Compartmental,General (theoretical model)
33294750,Yes,Time Series,Covid-19
33281306,Yes,Time Series,Covid-19
33281305,Yes,Time Series,Covid-19
33281248,Yes,Compartmental,Covid-19
33279653,Yes,Compartmental,Covid-19
33278610,Yes,Spatiotemporal,Covid-19
33277643,Yes,Compartmental,Covid-19
33269359,Yes,Agent-based,Covid-19
33269029,Yes,Time Series,Covid-19
33258177,Yes,Time Series,Covid-19
33232262,Yes,Time Series,Covid-19
33225114,Yes,Compartmental,Covid-19
33225113,Yes,Compartmental,Covid-19
33223954,Yes,Compartmental,Covid-19
33213971,Yes,Agent-based,Covid-19
33207390,Yes,Agent-based,Covid-19
33204214,Yes,Spatiotemporal,Covid-19
33204050,Yes,Compartmental,Covid-19
33199943,Yes,Compartmental,Covid-19
33169041,Yes,Compartmental,Covid-19
33162689,Yes,Compartmental,Covid-19
33162634,Yes,Spatiotemporal,Covid-19
33146155,Yes,Compartmental,Covid-19
33146109,Yes,Compartmental,Covid-19
33129826,Yes,Compartmental,SARS
33126032,Yes,Time Series,Covid-19
33118070,Yes,Time Series,Covid-19
33110288,Yes,Compartmental,Covid-19
33106728,Yes,Compartmental,General (theoretical model)
33105091,Yes,Agent-based,Covid-19
33100604,Yes,Compartmental,Covid-19
33100582,Yes,Compartmental,Covid-19
33100475,Yes,Time Series,Covid-19
33097835,Yes,Compartmental,Covid-19
33078047,Yes,Multiple,Covid-19
33077215,Yes,Time Series,Covid-19
33068430,Yes,Spatiotemporal,HFRS
33053172,Yes,Time Series,Covid-19
33041528,Yes,Time Series,Covid-19
33041473,Yes,Compartmental,Covid-19
33024345,Yes,Compartmental,Covid-19
33012995,Yes,Agent-based,Covid-19
33012957,Yes,Compartmental,Covid-19
33012953,Yes,Compartmental,Covid-19
32983836,Yes,Compartmental,General (theoretical model)
32982019,Yes,Compartmental,Covid-19
32971006,Yes,Spatiotemporal,Malaria
32959618,Yes,Compartmental,Covid-19
32958973,Yes,Compartmental,Covid-19
32908331,Yes,Compartmental,Covid-19
32896479,Yes,Compartmental,Covid-19
32838058,Yes,Multiple,Covid-19
32838022,Yes,Spatiotemporal,Covid-19
32837814,Yes,Compartmental,Covid-19
32837465,Yes,Compartmental,General (theoretical model)
32837121,Yes,Compartmental,General (theoretical model)
32836680,Yes,Compartmental,Covid-19
32834475,Yes,Compartmental,Covid-19
32801278,Yes,Time Series,Rotavirus
32798099,Yes,Agent-based,HIV
32613724,Yes,Spatiotemporal,Influenza illnesses
32587978,Yes,Compartmental,Covid-19
32580814,Yes,Compartmental,Covid-19
32448889,Yes,Time Series,Streptococcus
32419342,Yes,Spatiotemporal,Influenza illnesses
31182773,Yes,Compartmental,General (theoretical model)
31413134,Yes,Spatiotemporal,Lassa fever
34552670,Yes,Time Series,General (theoretical model)
30866826,Yes,Spatiotemporal,Campylobacter
31085656,Yes,Spatiotemporal,Measles
31742512,Yes,Agent-based,Zika
31873144,Yes,Spatiotemporal,Influenza illnesses
30882314,Yes,Spatiotemporal,Chikungunya
30972440,Yes,Compartmental,General (theoretical model)
31035715,Yes,Time Series,Scrub typhus
31038652,Yes,Time Series,TB and mycobacteria
30334918,Yes,Time Series,General (theoretical model)
30878314,Yes,Compartmental,General (theoretical model)
31574659,Yes,Compartmental,General (theoretical model)
30606104,Yes,Spatiotemporal,Leishmaniasis
31427903,Yes,Time Series,Cholera
31616035,Yes,Compartmental,General (theoretical model)
31684018,Yes,Spatiotemporal,Cholera
31433284,Yes,Spatiotemporal,General (theoretical model)
31498858,Yes,Time Series,Hepatitis C
30350000,Yes,Time Series,Giardiasis
31694212,Yes,Time Series,Brucellosis
31024009,Yes,Spatiotemporal,General (theoretical model)
31393908,Yes,Time Series,Dengue
31036511,Yes,Spatiotemporal,Malaria
32287387,Yes,Compartmental,General (theoretical model)
31336761,Yes,Compartmental,General (theoretical model)
31199809,Yes,Spatiotemporal,Zika
31851680,Yes,Spatiotemporal,General (theoretical model)
30716139,Yes,Agent-based,General (theoretical model)
31867406,Yes,Spatiotemporal,Streptococcus
31415560,Yes,Agent-based,Malaria
30707729,Yes,Agent-based,Ebola
31683644,Yes,Spatiotemporal,Nephropathia epidemica
31185818,Yes,Time Series,Influenza illnesses
31877185,Yes,Time Series,Malaria
32287361,Yes,Compartmental,General (theoretical model)
31164093,Yes,Spatiotemporal,Dengue
31877200,Yes,Agent-based,Zika
31729435,Yes,Agent-based,General (theoretical model)
31337826,Yes,Compartmental,General (theoretical model)
31455188,Yes,Spatiotemporal,Zika
31801513,Yes,Time Series,Measles
31859940,Yes,Spatiotemporal,HIV
30165060,Yes,Compartmental,General (theoretical model)
30808752,Yes,Spatiotemporal,Dengue
31309365,Yes,Time Series,Nephropathia epidemica
31784625,Yes,Spatiotemporal,HFMD
31843887,Yes,Time Series,Influenza illnesses
32226453,Yes,Compartmental,General (theoretical model)
30868213,Yes,Compartmental,General (theoretical model)
30635558,Yes,Time Series,Influenza illnesses
31568489,Yes,Spatiotemporal,Malaria
30958817,Yes,Time Series,Influenza illnesses
31297469,Yes,Spatiotemporal,MERS
30881481,Yes,Spatiotemporal,Influenza illnesses
31433482,Yes,Agent-based,Measles
31698706,Yes,Time Series,Rotavirus
33192155,Yes,Multiple,Ebola
30788178,Yes,Compartmental,Influenza illnesses
31401962,Yes,Compartmental,Henipavirus
31454373,Yes,Agent-based,General (theoretical model)
31272437,Yes,Spatiotemporal,TB and mycobacteria
30993854,Yes,Time Series,HIV
31787127,Yes,Spatiotemporal,Influenza illnesses
30691092,Yes,Spatiotemporal,Unspecified (super-category)
31372502,Yes,Spatiotemporal,Malaria
30713821,Yes,Compartmental,Influenza illnesses
31390430,Yes,Time Series,Leprosy
31101079,Yes,Time Series,Mumps
30804467,Yes,Compartmental,HFMD
31129282,Yes,Spatiotemporal,Crimean Congo HF
31423136,Yes,Spatiotemporal,TB and mycobacteria
31213175,Yes,Spatiotemporal,Zika
31278344,Yes,Spatiotemporal,Resistant bacteria
30650091,Yes,Time Series,Streptococcus
31834896,Yes,Time Series,General (theoretical model)
31009473,Yes,Spatiotemporal,Typhus
30338588,Yes,Time Series,Influenza illnesses
31233387,Yes,Spatiotemporal,Scrub typhus
31439885,Yes,Time Series,Herpes zoster
31062838,Yes,Agent-based,Onchocerciasis
31727921,Yes,Agent-based,Hepatitis C
31364529,Yes,Compartmental,HFMD
30851275,Yes,Compartmental,General (theoretical model)
31340351,Yes,Spatiotemporal,Streptococcus
31846456,Yes,Agent-based,HIV
31887142,Yes,Agent-based,HIV
30869008,Yes,Agent-based,HIV
31660883,Yes,Spatiotemporal,Multiple different agents
31386651,Yes,Time Series,Influenza illnesses
31608405,Yes,Time Series,Dengue
31777708,Yes,Time Series,Brucellosis
30922405,Yes,Spatiotemporal,Dengue
31594511,Yes,Spatiotemporal,Rabies/ Lyssavirus
31771674,Yes,Time Series,Rotavirus
31144552,Yes,Spatiotemporal,HFRS
31196004,Yes,Compartmental,HFMD
30891185,Yes,Spatiotemporal,General (theoretical model)
31443635,Yes,Time Series,Resistant bacteria
31287819,Yes,Spatiotemporal,Legionella pneumophila
31518349,Yes,Agent-based,General (theoretical model)
30594260,Yes,Time Series,Cholera
31145744,Yes,Spatiotemporal,Vector
31009460,Yes,Spatiotemporal,Dengue
31336865,Yes,Spatiotemporal,Dengue
31329645,Yes,Spatiotemporal,Dengue
31234380,Yes,Spatiotemporal,Schistomiasis
30869007,Yes,Agent-based,Influenza illnesses
30850598,Yes,Time Series,Dengue
31142311,Yes,Spatiotemporal,General (theoretical model)
31767899,Yes,Spatiotemporal,Malaria
31205290,Yes,Time Series,General (theoretical model)
31369548,Yes,Spatiotemporal,Spiroplasma
30837248,Yes,Agent-based,Multiple different agents
32226129,Yes,Compartmental,General (theoretical model)
31195637,Yes,Time Series,Malaria
30665426,Yes,Agent-based,Campylobacter
31039734,Yes,Spatiotemporal,TB and mycobacteria
31887118,Yes,Time Series,Dengue
31690844,Yes,Agent-based,Ebola
30868999,Yes,Time Series,HFMD
31290184,Yes,Time Series,Measles
31120877,Yes,Agent-based,General (theoretical model)
30869028,Yes,Spatiotemporal,Hepatitis B
30674890,Yes,Time Series,HIV
31752895,Yes,Agent-based,TB and mycobacteria
31048894,Yes,Spatiotemporal,TB and mycobacteria
30987085,Yes,Spatiotemporal,HFMD
30824756,Yes,Time Series,Influenza illnesses
30802984,Yes,Time Series,Unspecified (super-category)
31237087,Yes,Time Series,Multiple different agents
30893294,Yes,Agent-based,Dengue
31063086,Yes,Time Series,Bordetella pertussis
31703720,Yes,Spatiotemporal,Leishmaniasis
31182036,Yes,Time Series,Streptococcus
31382959,Yes,Agent-based,TB and mycobacteria
31784563,Yes,Time Series,Malaria
30642334,Yes,Compartmental,General (theoretical model)
31229233,Yes,Spatiotemporal,Malaria
31322439,Yes,Time Series,Unspecified (super-category)
31765386,Yes,Time Series,Influenza illnesses
30914669,Yes,Agent-based,Ebola
30921386,Yes,Compartmental,Zika
31260441,Yes,Agent-based,Dengue
31053075,Yes,Agent-based,Malaria
30777016,Yes,Spatiotemporal,Resistant bacteria
31496766,Yes,Compartmental,Norovirus
31200692,Yes,Time Series,Zika
31036482,Yes,Spatiotemporal,HIV
31088391,Yes,Time Series,Brucellosis
31344062,Yes,Time Series,Malaria
31671446,Yes,Spatiotemporal,Meningococcus
30764779,Yes,Time Series,Influenza illnesses
31169135,Yes,Time Series,Measles
31323025,Yes,Time Series,Influenza illnesses
31067679,Yes,Agent-based,HIV
31601887,Yes,Time Series,HFRS
31311945,Yes,Spatiotemporal,Vector
31319532,Yes,Spatiotemporal,General (theoretical model)
31484519,Yes,Spatiotemporal,Malaria
30865618,Yes,Spatiotemporal,West Nile virus
31655546,Yes,Spatiotemporal,Zika
31362754,Yes,Spatiotemporal,Canine heartworm
31440067,Yes,Time Series,TB and mycobacteria
31877134,Yes,Spatiotemporal,Leptospirosis
31751346,Yes,Time Series,Multiple different agents
31558383,Yes,Spatiotemporal,Unspecified (super-category)
31306464,Yes,Agent-based,HIV
30768613,Yes,Spatiotemporal,Chagas
31234938,Yes,Time Series,Influenza illnesses
31228488,Yes,Compartmental,General (theoretical model)
30845236,Yes,Time Series,Ebola
30817798,Yes,Compartmental,HIV
31835603,Yes,Time Series,Syphilis
31064395,Yes,Spatiotemporal,Leishmaniasis
31798311,Yes,Spatiotemporal,Rift valley fever
30795739,Yes,Time Series,Rotavirus
30832594,Yes,Agent-based,Influenza illnesses
31129573,Yes,Spatiotemporal,Dengue
31836742,Yes,Spatiotemporal,Malaria
31358033,Yes,Time Series,Malaria
30682037,Yes,Agent-based,Dengue
31199806,Yes,Time Series,Brucellosis
31234829,Yes,Time Series,Multiple different agents
31361737,Yes,Time Series,Multiple different agents
30868998,Yes,Time Series,Unspecified (super-category)
31246954,Yes,Time Series,Streptococcus
30822344,Yes,Spatiotemporal,Leishmaniasis
31399064,Yes,Time Series,General (theoretical model)
31381606,Yes,Time Series,Ebola
30959783,Yes,Spatiotemporal,Influenza illnesses
30753368,Yes,Time Series,Rotavirus
31364559,Yes,Time Series,HIV
30890385,Yes,Agent-based,HIV
31511311,Yes,Time Series,Rotavirus
31774823,Yes,Spatiotemporal,Dengue
31658203,Yes,Time Series,HIV
31465448,Yes,Agent-based,HFMD
33447371,Yes,Time Series,Vector
30707099,Yes,Time Series,Influenza illnesses
31296198,Yes,Spatiotemporal,HFMD
31286935,Yes,Time Series,PRRS
31209084,Yes,Time Series,HFRS
30601755,Yes,Time Series,West Nile virus
30891269,Yes,Compartmental,Campylobacter
31364539,Yes,Time Series,Multiple different agents
31109024,Yes,Spatiotemporal,Multiple different agents
31673249,Yes,Time Series,HIV
31426380,Yes,Spatiotemporal,Malaria
31395085,Yes,Spatiotemporal,West Nile virus
31142826,Yes,Time Series,HFMD
31703557,Yes,Time Series,EHEC
30986218,Yes,Spatiotemporal,General (theoretical model)
31249824,Yes,Time Series,Vector
30703095,Yes,Spatiotemporal,HFRS
33821284,Yes,Compartmental,Covid-19
