,PMID,is_coi_pred,is_register_pred,is_fund_pred,is_open_code,is_open_data,Disease,Model,Publication_Year,Journal
1,35136763,True,False,True,False,False,Covid-19,Compartmental,2021 Covid-19,J Family Med Prim Care
3,35094929,True,False,True,False,False,Covid-19,Time Series,2021 Covid-19,J Am Pharm Assoc (2003)
6,35071388,True,False,True,False,False,Lumpy skin disease,Spatiotemporal,2021 Non Covid-19,Front Vet Sci
8,35059369,True,False,True,False,False,Covid-19,Agent-based,2021 Covid-19,Front Public Health
9,35058682,True,False,False,False,False,Covid-19,Compartmental,2021 Covid-19,China Econ Rev
10,35052076,True,False,True,False,False,Covid-19,Time Series,2021 Covid-19,Entropy (Basel)
11,35039781,False,False,True,True,True,Covid-19,Compartmental,2021 Covid-19,J Complex Netw
12,35036527,True,False,True,True,True,Covid-19,Time Series,2021 Covid-19,PeerJ Comput Sci
13,35036159,True,False,True,False,True,Covid-19,Spatiotemporal,2021 Covid-19,PeerJ
14,35028196,True,False,False,False,False,Covid-19,Compartmental,2021 Covid-19,Cureus
15,35010675,True,False,True,False,False,Leprosy,Time Series,2021 Non Covid-19,Int J Environ Res Public Health
16,35010600,True,False,True,False,False,Dengue,Time Series,2021 Non Covid-19,Int J Environ Res Public Health
17,35005324,True,False,True,False,False,Covid-19,Compartmental,2021 Covid-19,Infect Dis Model
18,34988255,True,False,True,False,False,Covid-19,Spatiotemporal,2021 Covid-19,Open Forum Infect Dis
19,34977848,True,False,False,True,True,Covid-19,Agent-based,2021 Covid-19,Lancet Reg Health Am
20,34977844,True,False,False,False,False,Covid-19,Compartmental,2021 Covid-19,Comput Methods Programs Biomed Update
21,34975234,True,False,False,False,False,General (theoretical model),Agent-based,2021 Non Covid-19,Chaos Solitons Fractals
24,34961844,True,False,False,False,False,Covid-19,Time Series,2021 Covid-19,Inform Med Unlocked
25,34961835,False,False,False,False,False,General (theoretical model),Compartmental,2021 Non Covid-19,Eur Phys J Plus
26,34961800,True,False,True,False,False,General (theoretical model),Compartmental,2021 Non Covid-19,Comput Chem Eng
31,34950910,True,False,False,False,True,General (theoretical model),Agent-based,2021 Non Covid-19,Patterns (N Y)
32,34948902,True,False,True,False,False,Covid-19,Spatiotemporal,2021 Covid-19,Int J Environ Res Public Health
33,34938933,True,False,True,False,True,Covid-19,Spatiotemporal,2021 Covid-19,Geohealth
34,34936666,True,False,True,False,True,Covid-19,Spatiotemporal,2021 Covid-19,PLoS One
35,34936650,True,False,True,False,False,Covid-19,Compartmental,2021 Covid-19,PLoS One
36,34934870,True,False,False,False,False,Covid-19,Compartmental,2021 Covid-19,Infect Dis Model
38,34933883,True,False,True,False,False,Covid-19,Agent-based,2021 Covid-19,CMAJ Open
41,34932560,True,True,True,False,True,Polio,Agent-based,2021 Non Covid-19,PLoS Comput Biol
42,34931157,True,False,True,False,False,Covid-19,Spatiotemporal,2021 Covid-19,Sustain Cities Soc
43,34931105,False,False,True,False,False,General (theoretical model),Compartmental,2021 Non Covid-19,Inf Process Manag
44,34930317,True,False,True,True,True,Multiple different agents,Time Series,2021 Non Covid-19,Malar J
46,34930128,True,False,True,False,False,Malaria,Spatiotemporal,2021 Non Covid-19,BMC Med Res Methodol
48,34923119,True,False,False,False,False,Covid-19,Spatiotemporal,2021 Covid-19,Ann Epidemiol
51,34921175,True,False,True,True,True,Covid-19,Compartmental,2021 Covid-19,Sci Rep
52,34921080,True,False,True,False,False,Covid-19,Spatiotemporal,2021 Covid-19,BMJ Open
54,34919576,True,False,True,True,True,Covid-19,Compartmental,2021 Covid-19,PLoS One
55,34917836,True,False,True,False,False,Influenza illnesses,Time Series,2021 Non Covid-19,J Vet Res
57,34908637,True,False,True,False,False,Covid-19,Compartmental,2021 Covid-19,Math Methods Appl Sci
58,34908636,True,False,True,False,False,Covid-19,Compartmental,2021 Covid-19,Math Methods Appl Sci
60,34908628,False,False,True,False,False,Covid-19,Compartmental,2021 Covid-19,Optim Control Appl Methods
61,34907208,True,False,True,False,False,Covid-19,Time Series,2021 Covid-19,Sci Rep
62,34903655,True,False,True,True,True,Covid-19,Spatiotemporal,2021 Covid-19,Proc Natl Acad Sci U S A
63,34901733,True,False,True,False,False,Covid-19,Compartmental,2021 Covid-19,J Healthc Inform Res
67,34899033,True,False,True,True,True,Covid-19,Spatiotemporal,2021 Covid-19,Trans GIS
69,34898816,False,False,True,False,False,Covid-19,Compartmental,2021 Covid-19,Can J Stat
70,34896895,True,False,True,True,True,Covid-19,Compartmental,2021 Covid-19,Epidemics
71,34895497,True,False,False,True,True,Covid-19,Compartmental,2021 Covid-19,Lancet Planet Health
72,34894622,True,False,True,False,False,Covid-19,Time Series,2021 Covid-19,Econ Hum Biol
74,34886507,True,False,True,False,False,Malaria,Time Series,2021 Non Covid-19,Int J Environ Res Public Health
75,34886437,True,False,True,True,True,Covid-19,Spatiotemporal,2021 Covid-19,Int J Environ Res Public Health
77,34882679,True,False,True,True,True,Dengue,Spatiotemporal,2021 Non Covid-19,PLoS Negl Trop Dis
80,34876601,True,False,True,True,True,Covid-19,Time Series,2021 Covid-19,Sci Rep
81,34874981,True,False,True,True,True,Covid-19,Compartmental,2021 Covid-19,PLoS One
82,34872559,True,False,True,False,False,Covid-19,Compartmental,2021 Covid-19,BMC Med
83,34869960,True,False,True,False,False,Covid-19,Agent-based,2021 Covid-19,Infect Dis Model
84,34865617,True,False,True,False,False,Covid-19,Agent-based,2021 Covid-19,BMC Med Res Methodol
85,34863395,True,False,True,False,False,Multiple different agents,Time Series,2021 Non Covid-19,Mayo Clin Proc
88,34857815,True,False,True,True,True,General (theoretical model),Time Series,2021 Non Covid-19,Sci Rep
89,34856112,False,False,True,False,False,Covid-19,Compartmental,2021 Covid-19,Emerg Infect Dis
90,34851954,True,False,True,True,True,General (theoretical model),Compartmental,2021 Non Covid-19,PLoS Comput Biol
93,34848918,True,False,True,False,False,General (theoretical model),Compartmental,2021 Non Covid-19,Physica A
94,34843552,True,False,True,False,False,Covid-19,Compartmental,2021 Covid-19,PLoS One
95,34841129,True,False,False,False,False,General (theoretical model),Compartmental,2021 Non Covid-19,Infect Dis Model
97,34836505,True,False,True,False,False,Malaria,Time Series,2021 Non Covid-19,BMC Infect Dis
98,34835173,True,False,True,False,False,Covid-19,Spatiotemporal,2021 Covid-19,Vaccines (Basel)
99,34832531,True,False,True,False,False,Multiple different agents,Time Series,2021 Non Covid-19,Pathogens
101,34831706,True,False,True,True,False,Covid-19,Compartmental,2021 Covid-19,Int J Environ Res Public Health
104,34828565,True,False,True,False,False,Covid-19,Agent-based,2021 Covid-19,Healthcare (Basel)
105,34828458,True,False,True,False,False,Covid-19,Agent-based,2021 Covid-19,Healthcare (Basel)
107,34818345,True,False,True,True,True,Covid-19,Compartmental,2021 Covid-19,PLoS One
108,34816266,True,False,True,False,False,Covid-19,Agent-based,2021 Covid-19,medRxiv
109,34815816,False,False,False,False,False,Covid-19,Time Series,2021 Covid-19,Procedia Comput Sci
110,34815733,True,False,False,False,False,Covid-19,Time Series,2021 Covid-19,Soft comput
112,34815616,False,False,False,False,False,Covid-19,Compartmental,2021 Covid-19,Appl Math Model
113,34814729,True,False,True,True,True,Covid-19,Compartmental,2021 Covid-19,J R Soc Interface
114,34814269,True,False,True,False,False,HIV,Agent-based,2021 Non Covid-19,Math Biosci Eng
115,34812421,False,False,True,False,False,Covid-19,Time Series,2021 Covid-19,IEEE Open J Eng Med Biol
116,34812227,False,False,True,False,False,General (theoretical model),Compartmental,2021 Non Covid-19,J Chem Sci (Bangalore)
117,34812204,False,False,True,False,False,Covid-19,Compartmental,2021 Covid-19,Socioecon Plann Sci
118,34809606,True,False,True,False,False,Japanese encephalitis,Time Series,2021 Non Covid-19,BMC Infect Dis
119,34809601,True,False,True,False,False,Schistomiasis,Time Series,2021 Non Covid-19,BMC Infect Dis
120,34807943,True,False,True,False,True,Covid-19,Agent-based,2021 Covid-19,PLoS One
121,34803221,True,False,True,False,False,Covid-19,Compartmental,2021 Covid-19,Nonlinear Dyn
122,34803213,False,False,False,True,True,General (theoretical model),Compartmental,2021 Non Covid-19,Eur J Oper Res
127,34798545,True,False,True,True,False,Covid-19,Agent-based,2021 Covid-19,Epidemics
130,34797822,True,False,True,True,True,Vector,Spatiotemporal,2021 Non Covid-19,PLoS Comput Biol
131,34795464,True,False,True,False,False,Covid-19,Compartmental,2021 Covid-19,Math Semesterber
133,34793543,True,False,True,False,False,Covid-19,Compartmental,2021 Covid-19,PLoS One
134,34793526,True,False,True,False,False,Covid-19,Compartmental,2021 Covid-19,PLoS One
137,34786422,True,False,False,False,False,Covid-19,Multiple,2021 Covid-19,AIMS Public Health
138,34786328,True,False,True,False,False,Covid-19,Spatiotemporal,2021 Covid-19,Spat Stat
139,34786314,False,False,False,False,False,Covid-19,Spatiotemporal,2021 Covid-19,IEEE Access
140,34785913,True,False,True,False,False,Multiple different agents,Time Series,2021 Non Covid-19,Infect Drug Resist
143,34784350,True,False,True,False,True,Leprosy,Time Series,2021 Non Covid-19,PLoS Negl Trop Dis
144,34782854,False,False,False,False,False,Covid-19,Spatiotemporal,2021 Covid-19,Spat Stat
146,34777944,True,False,True,False,False,General (theoretical model),Compartmental,2021 Non Covid-19,Int J Dyn Control
147,34776626,False,False,True,False,False,Covid-19,Compartmental,2021 Covid-19,J Supercomput
150,34773169,True,False,True,True,False,General (theoretical model),Compartmental,2021 Non Covid-19,Bull Math Biol
151,34770108,True,False,True,False,False,Covid-19,Multiple,2021 Covid-19,Int J Environ Res Public Health
152,34769597,True,False,True,False,False,Covid-19,Time Series,2021 Covid-19,Int J Environ Res Public Health
153,34767837,True,False,True,False,False,Unspecified (super-category),Time Series,2021 Non Covid-19,J Infect
155,34764609,True,False,True,False,False,Covid-19,Agent-based,2021 Covid-19,Appl Intell (Dordr)
156,34764608,True,False,True,False,True,Covid-19,Time Series,2021 Covid-19,Appl Intell (Dordr)
158,34764595,True,False,True,True,False,Covid-19,Compartmental,2021 Covid-19,Appl Intell (Dordr)
159,34764586,False,False,False,False,False,Covid-19,Compartmental,2021 Covid-19,Appl Intell (Dordr)
160,34764574,False,False,True,False,False,Covid-19,Compartmental,2021 Covid-19,Appl Intell (Dordr)
161,34764566,False,False,False,False,False,Covid-19,Compartmental,2021 Covid-19,Appl Intell (Dordr)
162,34761122,True,False,True,True,True,General (theoretical model),Compartmental,2021 Non Covid-19,Wellcome Open Res
163,34760863,True,False,True,False,False,Covid-19,Compartmental,2021 Covid-19,Front Public Health
164,34759500,True,False,True,False,False,Covid-19,Agent-based,2021 Covid-19,Indian J Community Med
165,34758451,False,False,False,False,False,Covid-19,Spatiotemporal,2021 Covid-19,Am J Trop Med Hyg
166,34758027,True,False,True,False,True,Resistant bacteria,Spatiotemporal,2021 Non Covid-19,PLoS One
167,34754025,True,False,True,False,True,Covid-19,Agent-based,2021 Covid-19,Sci Rep
168,34750353,True,False,True,True,True,Covid-19,Spatiotemporal,2021 Covid-19,Nat Commun
169,34749630,True,False,True,False,False,Dengue,Compartmental,2021 Non Covid-19,BMC Bioinformatics
170,34746912,True,False,False,True,True,Covid-19,Agent-based,2021 Covid-19,Lancet Reg Health Am
171,34745489,True,False,False,False,False,Covid-19,Compartmental,2021 Covid-19,J Healthc Eng
173,34744294,True,False,True,False,False,Covid-19,Spatiotemporal,2021 Covid-19,Physica A
174,34744261,True,False,True,False,False,Covid-19,Compartmental,2021 Covid-19,Econ Anal Policy
175,34742106,False,False,True,True,False,Covid-19,Compartmental,2021 Covid-19,Epidemics
176,34741093,True,False,False,True,True,Covid-19,Time Series,2021 Covid-19,Sci Rep
177,34737875,True,False,True,False,True,Covid-19,Agent-based,2021 Covid-19,R Soc Open Sci
178,34737874,True,False,True,True,True,Covid-19,Spatiotemporal,2021 Covid-19,R Soc Open Sci
179,34737861,True,False,True,False,False,Schistomiasis,Time Series,2021 Non Covid-19,J Glob Health
180,34734836,True,False,True,False,False,Influenza illnesses,Time Series,2021 Non Covid-19,JMIR Public Health Surveill
181,34732390,True,False,True,False,False,Covid-19,Time Series,2021 Covid-19,BMJ
182,34731173,True,False,True,True,True,Covid-19,Time Series,2021 Covid-19,PLoS One
184,34728898,True,False,True,False,False,Covid-19,Spatiotemporal,2021 Covid-19,Nonlinear Dyn
187,34723982,True,False,True,False,False,Multiple different agents,Time Series,2021 Non Covid-19,PLoS Negl Trop Dis
189,34722381,True,False,True,False,False,Hepatitis B,Spatiotemporal,2021 Non Covid-19,Iran J Public Health
190,34722098,True,False,True,False,False,Covid-19,Spatiotemporal,2021 Covid-19,Eur Phys J Plus
193,34714848,True,False,True,False,True,General (theoretical model),Compartmental,2021 Non Covid-19,PLoS One
194,34714336,False,False,False,False,False,Clostridioides difficile,Time Series,2021 Non Covid-19,JAMA Netw Open
199,34710090,True,False,True,True,False,Covid-19,Agent-based,2021 Covid-19,PLoS Comput Biol
200,34707682,True,False,True,False,False,Influenza illnesses,Compartmental,2021 Non Covid-19,Comput Math Methods Med
201,34705832,True,False,True,True,True,General (theoretical model),Spatiotemporal,2021 Non Covid-19,PLoS Comput Biol
202,34705827,True,False,True,False,True,Taenia solium,Multiple,2021 Non Covid-19,PLoS Negl Trop Dis
203,34703506,True,False,True,False,False,Covid-19,Compartmental,2021 Covid-19,Soc Netw Anal Min
204,34703071,True,False,True,False,False,Covid-19,Spatiotemporal,2021 Covid-19,Cities
205,34697579,False,False,True,False,False,Covid-19,Compartmental,2021 Covid-19,Eur Phys J Plus
206,34697362,True,False,False,False,False,Covid-19,Spatiotemporal,2021 Covid-19,Sci Rep
207,34696288,True,False,True,False,False,Covid-19,Compartmental,2021 Covid-19,Vaccines (Basel)
208,34696203,True,False,True,False,False,Influenza illnesses,Compartmental,2021 Non Covid-19,Vaccines (Basel)
209,34695427,True,False,True,False,False,Covid-19,Spatiotemporal,2021 Covid-19,Environ Res
210,34693036,True,False,True,False,True,TB and mycobacteria,Time Series,2021 Non Covid-19,J Clin Tuberc Other Mycobact Dis
211,34692627,True,False,True,False,False,Covid-19,Time Series,2021 Covid-19,Front Public Health
212,34690462,True,False,True,False,False,Covid-19,Time Series,2021 Covid-19,Commun Nonlinear Sci Numer Simul
214,34690432,True,False,True,False,False,Covid-19,Time Series,2021 Covid-19,Neurocomputing
215,34690384,True,False,True,False,True,Covid-19,Compartmental,2021 Covid-19,J Policy Model
216,34688498,True,False,True,False,True,Covid-19,Compartmental,2021 Covid-19,Vaccine
217,34684215,True,False,True,False,False,Covid-19,Compartmental,2021 Covid-19,Pathogens
218,34682590,True,False,True,False,False,Influenza illnesses,Time Series,2021 Non Covid-19,Int J Environ Res Public Health
219,34681090,True,False,True,False,False,Covid-19,Compartmental,2021 Covid-19,Biology (Basel)
221,34679972,True,False,True,False,False,West Nile virus,Spatiotemporal,2021 Non Covid-19,Animals (Basel)
222,34678482,True,False,True,False,False,Covid-19,Agent-based,2021 Covid-19,Comput Biol Med
223,34676263,True,False,False,True,True,Covid-19,Compartmental,2021 Covid-19,Biomed Res Int
224,34674754,True,False,True,False,False,Influenza illnesses,Compartmental,2021 Non Covid-19,Infect Dis Poverty
225,34671103,True,False,True,False,False,Covid-19,Compartmental,2021 Covid-19,Sci Rep
226,34666740,True,False,True,False,False,Covid-19,Compartmental,2021 Covid-19,BMC Public Health
227,34664000,False,False,True,False,False,Covid-19,Time Series,2021 Covid-19,Comput Human Behav
229,34663279,True,False,True,False,False,Covid-19,Compartmental,2021 Covid-19,BMC Public Health
230,34659872,False,False,False,False,False,General (theoretical model),Compartmental,2021 Non Covid-19,Dyn Games Appl
231,34658536,True,False,False,False,False,Covid-19,Time Series,2021 Covid-19,Neural Comput Appl
232,34658535,True,False,True,False,False,Covid-19,Compartmental,2021 Covid-19,Neural Comput Appl
233,34653544,True,False,False,False,False,Covid-19,Compartmental,2021 Covid-19,Microb Pathog
234,34650119,True,False,True,False,False,Covid-19,Time Series,2021 Covid-19,Sci Rep
235,34650108,True,False,False,False,True,Unspecified (super-category),Spatiotemporal,2021 Non Covid-19,Sci Rep
236,34648492,True,False,True,True,True,Unspecified (super-category),Time Series,2021 Non Covid-19,PLoS Comput Biol
239,34646110,True,False,True,False,False,Covid-19,Time Series,2021 Covid-19,Appl Soft Comput
240,34642701,False,False,True,False,False,Covid-19,Time Series,2021 Covid-19,medRxiv
241,34642614,True,False,True,True,True,General (theoretical model),Agent-based,2021 Non Covid-19,Comput Soc Netw
242,34642405,True,False,True,True,True,Covid-19,Compartmental,2021 Covid-19,Sci Rep
243,34640986,True,False,True,False,False,Covid-19,Agent-based,2021 Covid-19,Sensors (Basel)
245,34636415,False,False,True,True,False,Mumps,Spatiotemporal,2021 Non Covid-19,Biometrics
246,34630745,False,False,False,False,False,Covid-19,Multiple,2021 Covid-19,Procedia Comput Sci
248,34627998,False,False,True,False,False,HIV,Agent-based,2021 Non Covid-19,Ann Epidemiol
249,34627477,True,False,True,False,False,Malaria,Time Series,2021 Non Covid-19,Lancet Planet Health
250,34627189,True,False,True,False,False,TB and mycobacteria,Spatiotemporal,2021 Non Covid-19,BMC Public Health
251,34625589,True,True,True,False,False,Malaria,Spatiotemporal,2021 Non Covid-19,Sci Rep
252,34624026,True,False,True,False,False,West Nile virus,Spatiotemporal,2021 Non Covid-19,PLoS One
253,34622758,True,False,True,True,True,Covid-19,Compartmental,2021 Covid-19,Euro Surveill
254,34622186,True,False,True,True,True,RSV,Time Series,2021 Non Covid-19,EClinicalMedicine
255,34613527,True,False,True,True,False,Covid-19,Spatiotemporal,2021 Covid-19,Biomech Model Mechanobiol
257,34611391,False,False,True,False,False,Covid-19,Spatiotemporal,2021 Covid-19,Arch Comput Methods Eng
258,34611386,False,False,False,False,False,Covid-19,Compartmental,2021 Covid-19,Indian J Phys Proc Indian Assoc Cultiv Sci (2004)
259,34608351,True,False,True,False,False,Covid-19,Compartmental,2021 Covid-19,Math Comput Simul
261,34607866,True,False,True,False,False,Covid-19,Spatiotemporal,2021 Covid-19,BMJ Open
262,34606524,True,False,False,True,False,Covid-19,Agent-based,2021 Covid-19,JMIRx Med
264,34604831,True,False,False,False,False,Covid-19,Time Series,2021 Covid-19,Comput Methods Programs Biomed Update
265,34601321,True,False,True,False,False,Covid-19,Multiple,2021 Covid-19,Epidemics
267,34600485,True,False,True,False,False,Covid-19,Time Series,2021 Covid-19,BMC Infect Dis
269,34595708,True,False,True,False,False,Covid-19,Spatiotemporal,2021 Covid-19,Environ Sci Pollut Res Int
270,34592277,True,False,True,False,False,Covid-19,Multiple,2021 Covid-19,Sci Total Environ
271,34591897,True,False,True,False,False,Covid-19,Compartmental,2021 Covid-19,PLoS One
272,34588487,True,False,True,False,False,General (theoretical model),Compartmental,2021 Non Covid-19,Sci Rep
276,34584428,True,False,True,False,False,Covid-19,Time Series,2021 Covid-19,Infect Drug Resist
277,34583564,True,False,True,True,True,General (theoretical model),Time Series,2021 Non Covid-19,J R Soc Interface
279,34575666,True,False,True,True,True,Covid-19,Multiple,2021 Covid-19,J Pers Med
280,34574996,True,False,True,False,False,General (theoretical model),Compartmental,2021 Non Covid-19,Healthcare (Basel)
282,34574592,True,False,True,False,False,Borrelia burgdorferi,Spatiotemporal,2021 Non Covid-19,Int J Environ Res Public Health
283,34574459,True,False,True,False,False,Leishmaniasis,Spatiotemporal,2021 Non Covid-19,Int J Environ Res Public Health
284,34574418,True,False,True,False,False,Dengue,Compartmental,2021 Non Covid-19,Int J Environ Res Public Health
285,34573860,True,False,True,False,False,General (theoretical model),Compartmental,2021 Non Covid-19,Entropy (Basel)
289,34567282,True,False,True,False,False,Covid-19,Time Series,2021 Covid-19,Air Qual Atmos Health
291,34566221,True,False,True,False,False,General (theoretical model),Multiple,2021 Non Covid-19,Future Gener Comput Syst
293,34556681,True,False,True,True,True,Covid-19,Multiple,2021 Covid-19,Sci Rep
296,34551108,False,False,False,False,False,Influenza illnesses,Compartmental,2021 Non Covid-19,J Infect Dis
298,34550465,True,False,True,False,False,General (theoretical model),Compartmental,2021 Non Covid-19,J Math Biol
299,34548702,False,False,True,False,False,Covid-19,Time Series,2021 Covid-19,Soc Sci Q
301,34541519,True,False,True,False,False,Covid-19,Time Series,2021 Covid-19,Front Artif Intell
302,34539296,False,False,True,False,False,General (theoretical model),Compartmental,2021 Non Covid-19,J Appl Math Comput
303,34538991,True,False,True,False,False,Covid-19,Compartmental,2021 Covid-19,Pattern Recognit Lett
305,34534205,True,False,True,True,False,Covid-19,Agent-based,2021 Covid-19,PLoS Comput Biol
306,34529036,True,False,True,True,True,General (theoretical model),Agent-based,2021 Non Covid-19,Bioinformatics
307,34527265,True,False,True,True,True,Covid-19,Compartmental,2021 Covid-19,R Soc Open Sci
308,34525112,True,False,True,False,False,Covid-19,Compartmental,2021 Covid-19,PLoS One
309,34521916,True,False,True,False,False,Covid-19,Compartmental,2021 Covid-19,Sci Rep
310,34520691,True,False,True,True,True,Dengue,Time Series,2021 Non Covid-19,J R Soc Interface
311,34514293,True,False,True,True,True,Covid-19,Agent-based,2021 Covid-19,Adv Theory Simul
312,34514179,True,False,True,False,False,Covid-19,Compartmental,2021 Covid-19,Heliyon
315,34512104,True,False,True,False,False,Covid-19,Spatiotemporal,2021 Covid-19,Trans GIS
316,34511751,True,False,True,False,False,Covid-19,Time Series,2021 Covid-19,Transp Res Part C Emerg Technol
317,34511724,True,False,False,False,False,Covid-19,Time Series,2021 Covid-19,Nonlinear Dyn
318,34511711,True,False,False,False,False,Covid-19,Agent-based,2021 Covid-19,Physica A
319,34510006,True,False,True,False,True,Gonorrhea,Time Series,2021 Non Covid-19,Sex Transm Infect
320,34508349,True,False,True,False,False,Covid-19,Time Series,2021 Covid-19,Health Policy Plan
322,34501616,True,False,True,False,False,Covid-19,Compartmental,2021 Covid-19,Int J Environ Res Public Health
323,34499681,True,False,True,False,True,Covid-19,Multiple,2021 Covid-19,PLoS One
324,34497742,True,False,True,False,False,Covid-19,Compartmental,2021 Covid-19,Int J Disaster Risk Reduct
325,34496857,True,False,True,False,False,General (theoretical model),Spatiotemporal,2021 Non Covid-19,BMC Biol
327,34493935,True,False,True,False,False,General (theoretical model),Compartmental,2021 Non Covid-19,Int J Control Autom Syst
328,34493902,True,False,True,False,False,Covid-19,Compartmental,2021 Covid-19,Nonlinear Dyn
330,34493272,True,False,True,False,False,Lumpy skin disease,Compartmental,2021 Non Covid-19,BMC Vet Res
333,34483725,True,False,True,False,False,Covid-19,Compartmental,2021 Covid-19,Stoch Environ Res Risk Assess
334,34483720,True,False,False,False,False,Covid-19,Compartmental,2021 Covid-19,Soft comput
335,34482186,True,False,True,False,False,Covid-19,Compartmental,2021 Covid-19,Epidemics
336,34482101,True,False,True,False,False,Covid-19,Time Series,2021 Covid-19,Public Health
337,34480062,True,False,True,False,False,Covid-19,Spatiotemporal,2021 Covid-19,Sci Rep
338,34478923,True,False,False,False,False,Covid-19,Compartmental,2021 Covid-19,Comput Biol Med
339,34474189,True,False,False,True,False,Covid-19,Compartmental,2021 Covid-19,J Biomed Inform
340,34473809,True,False,True,False,False,Covid-19,Compartmental,2021 Covid-19,PLoS One
341,34473711,True,False,True,False,False,Covid-19,Time Series,2021 Covid-19,PLoS One
342,34469429,True,False,True,True,False,Covid-19,Agent-based,2021 Covid-19,PLoS One
344,34466760,True,False,True,False,False,HFMD,Time Series,2021 Non Covid-19,Infect Dis Model
345,34458082,True,False,True,False,False,Covid-19,Time Series,2021 Covid-19,Results Phys
346,34456557,True,False,True,False,False,Covid-19,Compartmental,2021 Covid-19,Arch Comput Methods Eng
348,34456179,True,False,True,False,False,Covid-19,Time Series,2021 Covid-19,Lancet Digit Health
349,34452040,True,False,True,True,True,Covid-19,Compartmental,2021 Covid-19,Vaccines (Basel)
350,34449743,True,False,True,False,False,Ebola,Compartmental,2021 Non Covid-19,Trop Med Infect Dis
351,34449629,True,False,True,False,False,Covid-19,Compartmental,2021 Covid-19,Infect Dis Rep
352,34449401,True,False,True,True,False,Covid-19,Time Series,2021 Covid-19,J Med Internet Res
354,34444409,True,False,True,True,True,Covid-19,Time Series,2021 Covid-19,Int J Environ Res Public Health
357,34428950,True,False,True,False,True,Covid-19,Agent-based,2021 Covid-19,J R Soc Interface
358,34428329,True,False,False,True,False,Covid-19,Time Series,2021 Covid-19,Health Econ
359,34428212,True,False,True,False,True,HFMD,Spatiotemporal,2021 Non Covid-19,PLoS One
361,34426804,True,False,True,False,False,Covid-19,Compartmental,2021 Covid-19,Lancet Reg Health West Pac
362,34426791,True,False,True,False,False,Covid-19,Time Series,2021 Covid-19,Beni Suef Univ J Basic Appl Sci
363,34425301,True,False,True,False,False,Covid-19,Agent-based,2021 Covid-19,Epidemics
364,34425136,True,False,True,True,True,Covid-19,Compartmental,2021 Covid-19,J Theor Biol
365,34421125,True,False,False,False,False,Covid-19,Compartmental,2021 Covid-19,Inf Sci (N Y)
370,34413555,True,False,False,False,False,Covid-19,Time Series,2021 Covid-19,Pattern Recognit Lett
371,34412581,True,False,True,False,False,HFRS,Time Series,2021 Non Covid-19,BMC Infect Dis
372,34411182,True,False,True,False,True,Covid-19,Time Series,2021 Covid-19,PLoS One
373,34408076,True,False,True,True,True,Covid-19,Compartmental,2021 Covid-19,Proc Natl Acad Sci U S A
374,34407487,True,False,False,False,False,Covid-19,Time Series,2021 Covid-19,J Biomed Inform
375,34407115,True,False,True,True,True,Covid-19,Agent-based,2021 Covid-19,PLoS One
376,34407105,True,False,True,False,True,Covid-19,Agent-based,2021 Covid-19,PLoS One
377,34403783,True,False,True,True,True,Covid-19,Time Series,2021 Covid-19,Int J Infect Dis
378,34401893,False,False,True,True,False,Covid-19,Agent-based,2021 Covid-19,medRxiv
379,34401401,True,False,True,False,False,Covid-19,Compartmental,2021 Covid-19,Swiss J Econ Stat
380,34401224,True,False,True,False,False,Covid-19,Compartmental,2021 Covid-19,Results Phys
381,34397825,True,False,False,False,False,Covid-19,Time Series,2021 Covid-19,Medicine (Baltimore)
382,34396152,True,False,True,False,False,General (theoretical model),Compartmental,2021 Non Covid-19,SN Comput Sci
385,34394298,True,False,True,False,False,Covid-19,Time Series,2021 Covid-19,Afr Health Sci
386,34393387,True,False,True,False,False,Covid-19,Compartmental,2021 Covid-19,Expert Syst Appl
387,34393261,True,False,True,False,False,Covid-19,Time Series,2021 Covid-19,Genus
388,34391402,True,False,True,False,False,Covid-19,Spatiotemporal,2021 Covid-19,BMC Infect Dis
389,34384411,True,False,True,False,True,Influenza illnesses,Compartmental,2021 Non Covid-19,BMC Public Health
391,34381100,True,False,False,False,False,Covid-19,Compartmental,2021 Covid-19,Sci Rep
393,34380721,True,False,True,False,False,Covid-19,Spatiotemporal,2021 Covid-19,BMJ Open
395,34377879,True,False,True,False,True,Covid-19,Spatiotemporal,2021 Covid-19,Geohealth
396,34377623,False,False,True,False,False,Covid-19,Compartmental,2021 Covid-19,Eur Phys J Plus
397,34376920,True,False,False,False,False,Covid-19,Time Series,2021 Covid-19,Nonlinear Dyn
398,34375559,True,False,True,False,True,West Nile virus,Agent-based,2021 Non Covid-19,Proc Biol Sci
399,34374438,False,False,True,True,False,Covid-19,Compartmental,2021 Covid-19,Stat Med
401,34370734,True,False,True,True,True,Dengue,Agent-based,2021 Non Covid-19,PLoS Negl Trop Dis
402,34368752,True,False,True,False,False,Covid-19,Spatiotemporal,2021 Covid-19,Glob Epidemiol
403,34362947,True,False,True,False,False,General (theoretical model),Agent-based,2021 Non Covid-19,Sci Rep
404,34362936,True,False,False,True,False,Covid-19,Agent-based,2021 Covid-19,Sci Rep
405,34362150,True,False,True,False,False,Multiple different agents,Time Series,2021 Non Covid-19,J Clin Med
406,34360504,True,False,True,False,False,Covid-19,Agent-based,2021 Covid-19,Int J Environ Res Public Health
407,34358241,True,False,True,False,True,Unspecified (super-category),Time Series,2021 Non Covid-19,PLoS One
409,34356522,True,False,True,True,False,Covid-19,Compartmental,2021 Covid-19,Biology (Basel)
410,34354055,True,False,True,False,True,Covid-19,Agent-based,2021 Covid-19,Nat Commun
411,34353525,True,False,False,False,False,Covid-19,Spatiotemporal,2021 Covid-19,Spat Spatiotemporal Epidemiol
413,34347175,True,False,True,False,False,Covid-19,Time Series,2021 Covid-19,Eur J Health Econ
414,34347060,False,False,False,False,False,Resistant bacteria,Agent-based,2021 Non Covid-19,JAMA Netw Open
416,34345875,True,False,True,False,True,Covid-19,Agent-based,2021 Covid-19,Lancet Reg Health West Pac
417,34344351,True,False,True,False,False,RSV,Time Series,2021 Non Covid-19,BMC Infect Dis
418,34344318,True,False,True,False,False,Covid-19,Compartmental,2021 Covid-19,BMC Infect Dis
421,34335995,False,False,True,False,False,Covid-19,Compartmental,2021 Covid-19,Cogn Neurodyn
422,34335122,True,False,False,False,False,Covid-19,Time Series,2021 Covid-19,Appl Soft Comput
424,34334951,True,False,True,False,False,Covid-19,Compartmental,2021 Covid-19,Nonlinear Dyn
427,34330988,True,False,True,False,False,Covid-19,Compartmental,2021 Covid-19,Sci Rep
429,34325230,True,False,False,False,False,Covid-19,Agent-based,2021 Covid-19,Comput Biol Med
430,34324605,True,False,True,False,False,Covid-19,Compartmental,2021 Covid-19,PLoS One
431,34321897,True,False,True,False,False,HFMD,Time Series,2021 Non Covid-19,Infect Drug Resist
432,34316402,True,False,True,True,True,Covid-19,Time Series,2021 Covid-19,PeerJ
436,34310614,True,False,True,True,True,Dengue,Agent-based,2021 Non Covid-19,PLoS Negl Trop Dis
439,34307999,True,False,True,False,False,Covid-19,Compartmental,2021 Covid-19,Infect Dis Model
440,34307826,True,False,True,False,False,Covid-19,Time Series,2021 Covid-19,SSM Popul Health
442,34306043,True,False,True,False,False,Measles,Agent-based,2021 Non Covid-19,Adv Differ Equ
443,34305445,True,False,True,False,False,Covid-19,Compartmental,2021 Covid-19,Soft comput
444,34303266,False,False,True,True,True,Covid-19,Compartmental,2021 Covid-19,Comput Biol Med
446,34300045,True,False,True,False,True,Covid-19,Compartmental,2021 Covid-19,Int J Environ Res Public Health
448,34299889,True,False,True,False,False,Influenza illnesses,Spatiotemporal,2021 Non Covid-19,Int J Environ Res Public Health
449,34291032,True,False,True,False,False,Covid-19,Compartmental,2021 Covid-19,Front Public Health
450,34291025,True,False,True,False,False,Covid-19,Time Series,2021 Covid-19,Front Public Health
451,34288969,True,False,True,False,False,Covid-19,Time Series,2021 Covid-19,PLoS One
452,34288925,True,False,True,False,True,Influenza illnesses,Time Series,2021 Non Covid-19,PLoS One
453,34283832,True,False,True,True,True,Covid-19,Spatiotemporal,2021 Covid-19,PLoS Comput Biol
454,34282250,True,False,False,True,True,Covid-19,Compartmental,2021 Covid-19,Sci Rep
455,34281057,True,False,True,False,False,Influenza illnesses,Spatiotemporal,2021 Non Covid-19,Int J Environ Res Public Health
456,34277860,True,False,True,False,False,Malaria,Spatiotemporal,2021 Non Covid-19,J Arthropod Borne Dis
457,34277349,True,False,True,False,False,Covid-19,Spatiotemporal,2021 Covid-19,J Transp Health
460,34276139,False,False,False,False,False,Covid-19,Compartmental,2021 Covid-19,Econ Theory
461,34276115,True,False,True,True,False,Covid-19,Spatiotemporal,2021 Covid-19,Int J Forecast
463,34274896,True,False,True,False,False,Covid-19,Agent-based,2021 Covid-19,Health Place
464,34274126,True,False,True,False,True,Covid-19,Compartmental,2021 Covid-19,Vaccine
465,34269629,True,False,False,True,True,Covid-19,Compartmental,2021 Covid-19,Ann Med
467,34262958,True,False,True,False,False,African trypanosomiasis,Compartmental,2021 Non Covid-19,Front Vet Sci
472,34255985,True,False,True,True,True,Covid-19,Compartmental,2021 Covid-19,J R Soc Interface
473,34254048,True,False,True,False,False,Covid-19,Time Series,2021 Covid-19,Heliyon
476,34253340,True,False,False,False,False,Covid-19,Time Series,2021 Covid-19,ISA Trans
478,34249495,True,False,True,True,True,Covid-19,Time Series,2021 Covid-19,PeerJ
479,34249124,True,False,True,False,False,Covid-19,Compartmental,2021 Covid-19,Adv Differ Equ
480,34248448,True,False,True,True,True,Covid-19,Time Series,2021 Covid-19,Appl Soft Comput
482,34244764,True,False,True,False,False,Covid-19,Compartmental,2021 Covid-19,Int J Epidemiol
483,34242278,True,False,True,True,True,Covid-19,Compartmental,2021 Covid-19,PLoS One
484,34233967,True,False,True,False,False,Influenza illnesses,Time Series,2021 Non Covid-19,BMJ Open
485,34233622,True,False,True,False,False,Influenza illnesses,Compartmental,2021 Non Covid-19,BMC Infect Dis
486,34230906,True,False,False,False,False,Covid-19,Multiple,2021 Covid-19,Adv Theory Simul
487,34230688,False,False,True,False,False,Covid-19,Spatiotemporal,2021 Covid-19,J Reg Sci
490,34226872,False,False,False,False,False,Covid-19,Compartmental,2021 Covid-19,Int J Appl Comput Math
491,34226787,False,False,False,False,False,Covid-19,Compartmental,2021 Covid-19,Oxf Bull Econ Stat
492,34226756,False,False,False,False,False,Covid-19,Compartmental,2021 Covid-19,Stud Appl Math
493,34226649,True,False,False,False,False,Covid-19,Compartmental,2021 Covid-19,Sci Rep
495,34222840,True,False,False,False,False,Covid-19,Multiple,2021 Covid-19,J Biosaf Biosecur
496,34221823,True,False,True,True,True,Covid-19,Compartmental,2021 Covid-19,J Math Ind
500,34216636,True,False,True,False,False,Covid-19,Compartmental,2021 Covid-19,Math Biosci
503,34205809,True,False,True,False,False,Covid-19,Time Series,2021 Covid-19,Int J Environ Res Public Health
504,34203491,True,False,True,False,False,Leptospirosis,Spatiotemporal,2021 Non Covid-19,Trop Med Infect Dis
506,34200681,True,False,True,False,False,Covid-19,Spatiotemporal,2021 Covid-19,Int J Environ Res Public Health
511,34188073,True,False,False,False,False,Aspergillus,Spatiotemporal,2021 Non Covid-19,Sci Rep
513,34182972,True,False,True,False,False,Covid-19,Time Series,2021 Covid-19,BMC Public Health
514,34179672,True,False,True,False,False,Covid-19,Multiple,2021 Covid-19,Geohealth
515,34178594,True,False,True,False,False,Covid-19,Time Series,2021 Covid-19,Results Phys
517,34176979,True,False,True,False,False,Covid-19,Compartmental,2021 Covid-19,Technol Forecast Soc Change
519,34173890,False,False,True,True,True,Covid-19,Compartmental,2021 Covid-19,J Math Biol
520,34162708,True,False,True,True,True,Covid-19,Spatiotemporal,2021 Covid-19,Proc Natl Acad Sci U S A
521,34162556,True,False,True,False,True,RSV,Spatiotemporal,2021 Non Covid-19,Sci Adv
522,34162451,True,False,True,False,False,Covid-19,Time Series,2021 Covid-19,Infect Control Hosp Epidemiol
523,34161908,True,False,True,False,True,Covid-19,Agent-based,2021 Covid-19,Environ Int
524,34156966,True,False,True,False,False,Covid-19,Time Series,2021 Covid-19,J Med Internet Res
525,34155422,True,False,True,True,True,General (theoretical model),Agent-based,2021 Non Covid-19,J Intell Inf Syst
527,34153840,True,False,True,False,False,Leptospirosis,Spatiotemporal,2021 Non Covid-19,Prev Vet Med
528,34153623,True,False,True,True,True,Covid-19,Compartmental,2021 Covid-19,Epidemics
529,34151134,True,False,True,False,False,Covid-19,Spatiotemporal,2021 Covid-19,J Healthc Inform Res
530,34150986,True,False,True,True,True,Covid-19,Compartmental,2021 Covid-19,Appl Netw Sci
532,34149835,True,False,True,False,False,Covid-19,Compartmental,2021 Covid-19,Adv Differ Equ
533,34149279,True,False,True,False,False,Covid-19,Compartmental,2021 Covid-19,Bull Natl Res Cent
535,34149148,True,False,True,False,True,Covid-19,Spatiotemporal,2021 Covid-19,GeoJournal
536,34143771,True,False,True,True,True,Chikungunya,Spatiotemporal,2021 Non Covid-19,PLoS Negl Trop Dis
537,34140873,True,False,True,False,False,Dengue,Time Series,2021 Non Covid-19,J Taibah Univ Med Sci
538,34138911,True,False,True,False,False,General (theoretical model),Compartmental,2021 Non Covid-19,PLoS One
539,34136660,True,False,False,False,False,Covid-19,Compartmental,2021 Covid-19,Health Sci Rep
540,34136653,True,False,True,False,False,Covid-19,Compartmental,2021 Covid-19,Health Sci Rep
541,34132978,True,False,True,True,False,Covid-19,Agent-based,2021 Covid-19,Health Care Manag Sci
542,34131877,True,False,True,False,False,Covid-19,Time Series,2021 Covid-19,J Gen Intern Med
544,34129608,True,False,True,False,False,Covid-19,Compartmental,2021 Covid-19,PLoS One
546,34127946,False,False,True,False,False,Covid-19,Compartmental,2021 Covid-19,Model Earth Syst Environ
547,34127757,True,False,False,False,False,Covid-19,Agent-based,2021 Covid-19,Sci Rep
550,34123390,True,False,True,False,True,Covid-19,Agent-based,2021 Covid-19,R Soc Open Sci
551,34121818,True,False,True,False,True,Covid-19,Spatiotemporal,2021 Covid-19,Process Saf Environ Prot
552,34115791,True,False,True,False,True,Covid-19,Spatiotemporal,2021 Covid-19,PLoS One
554,34113657,True,False,True,False,False,Covid-19,Compartmental,2021 Covid-19,Front Robot AI
555,34112588,False,False,True,False,False,Covid-19,Compartmental,2021 Covid-19,J Formos Med Assoc
556,34112587,True,False,True,False,False,Covid-19,Compartmental,2021 Covid-19,J Formos Med Assoc
559,34107917,True,False,True,False,False,Covid-19,Compartmental,2021 Covid-19,BMC Infect Dis
560,34106977,True,False,True,True,True,Unspecified (super-category),Time Series,2021 Non Covid-19,PLoS One
566,34102403,False,False,False,False,False,Covid-19,Agent-based,2021 Covid-19,Comput Biol Med
568,34098885,True,False,True,True,False,Covid-19,Compartmental,2021 Covid-19,BMC Infect Dis
569,34097433,True,False,False,True,True,Covid-19,Agent-based,2021 Covid-19,Ann Intern Med
571,34094819,True,False,True,False,False,Covid-19,Compartmental,2021 Covid-19,Results Phys
572,34094795,True,False,False,False,False,Covid-19,Compartmental,2021 Covid-19,Eur Phys J Plus
573,34092919,True,False,True,True,False,Covid-19,Compartmental,2021 Covid-19,Nonlinear Dyn
574,34092918,True,False,True,False,False,Covid-19,Compartmental,2021 Covid-19,Nonlinear Dyn
575,34091584,True,False,True,False,False,HIV,Agent-based,2021 Non Covid-19,Sex Transm Dis
578,34079304,True,False,True,False,False,TB and mycobacteria,Time Series,2021 Non Covid-19,Infect Drug Resist
579,34077483,True,False,True,False,False,Covid-19,Compartmental,2021 Covid-19,PLoS One
580,34076627,True,False,False,False,False,Covid-19,Time Series,2021 Covid-19,JMIRx Med
581,34075326,False,False,True,False,False,General (theoretical model),Compartmental,2021 Non Covid-19,Eur Phys J Plus
582,34075198,True,False,True,False,False,Brucellosis,Time Series,2021 Non Covid-19,Sci Rep
583,34075157,True,False,True,False,False,Malaria,Spatiotemporal,2021 Non Covid-19,Sci Rep
584,34073946,True,False,True,False,False,Covid-19,Agent-based,2021 Covid-19,Healthcare (Basel)
585,34073810,True,False,True,False,False,Covid-19,Compartmental,2021 Covid-19,Biology (Basel)
587,34073319,True,False,True,False,False,Malaria,Time Series,2021 Non Covid-19,Int J Environ Res Public Health
590,34070616,True,False,True,True,False,Covid-19,Time Series,2021 Covid-19,Entropy (Basel)
591,34070039,True,False,True,False,False,Vector,Spatiotemporal,2021 Non Covid-19,Viruses
592,34067128,True,False,True,False,False,Covid-19,Compartmental,2021 Covid-19,Viruses
593,34066231,True,False,True,False,False,Covid-19,Compartmental,2021 Covid-19,Viruses
598,34059063,True,False,True,False,False,Covid-19,Spatiotemporal,2021 Covid-19,Popul Health Metr
599,34058004,True,False,True,True,False,Covid-19,Time Series,2021 Covid-19,Int J Epidemiol
600,34054336,True,False,True,False,True,Covid-19,Spatiotemporal,2021 Covid-19,J Geogr Syst
602,34053271,True,False,True,True,True,Covid-19,Time Series,2021 Covid-19,Philos Trans R Soc Lond B Biol Sci
604,34053258,True,False,True,False,True,Covid-19,Compartmental,2021 Covid-19,Philos Trans R Soc Lond B Biol Sci
605,34053255,True,False,True,False,True,Covid-19,Compartmental,2021 Covid-19,Philos Trans R Soc Lond B Biol Sci
606,34048904,True,False,False,False,False,Covid-19,Spatiotemporal,2021 Covid-19,Ann Epidemiol
607,34045593,True,False,True,False,False,General (theoretical model),Spatiotemporal,2021 Non Covid-19,Sci Rep
608,34045002,True,False,True,True,True,Unspecified (super-category),Time Series,2021 Non Covid-19,Lancet Digit Health
609,34044880,True,False,True,False,True,Vector,Spatiotemporal,2021 Non Covid-19,Parasit Vectors
610,34043676,True,False,True,False,True,Covid-19,Compartmental,2021 Covid-19,PLoS One
611,34043172,True,False,True,True,True,Covid-19,Time Series,2021 Covid-19,Environ Sci Pollut Res Int
613,34040093,True,False,True,True,True,Covid-19,Spatiotemporal,2021 Covid-19,Sci Rep
614,34039413,True,False,True,False,False,Trichinellosis,Time Series,2021 Non Covid-19,Parasit Vectors
615,34039289,True,False,True,True,True,Covid-19,Compartmental,2021 Covid-19,BMC Public Health
617,34031465,True,False,True,True,False,Covid-19,Compartmental,2021 Covid-19,Sci Rep
620,34027263,True,False,True,False,True,Covid-19,Spatiotemporal,2021 Covid-19,Geohealth
621,34026472,True,False,False,False,False,Covid-19,Time Series,2021 Covid-19,Results Phys
622,34026471,True,False,True,False,False,Covid-19,Compartmental,2021 Covid-19,Results Phys
626,34019536,True,False,True,False,True,Dengue,Spatiotemporal,2021 Non Covid-19,PLoS Negl Trop Dis
627,34017008,True,False,True,True,True,Covid-19,Agent-based,2021 Covid-19,Nat Commun
629,34015676,True,False,True,False,False,Covid-19,Time Series,2021 Covid-19,Epidemics
630,34012470,True,False,False,False,False,Covid-19,Time Series,2021 Covid-19,J Environ Public Health
631,34011491,True,False,True,True,True,Covid-19,Time Series,2021 Covid-19,BMJ
633,34006346,True,False,True,False,False,Covid-19,Compartmental,2021 Covid-19,Disaster Med Public Health Prep
635,34002294,False,False,True,True,False,Covid-19,Compartmental,2021 Covid-19,Eur J Epidemiol
636,34002127,True,False,True,False,False,Covid-19,Compartmental,2021 Covid-19,Results Phys
637,34002125,True,False,True,False,False,Covid-19,Compartmental,2021 Covid-19,Results Phys
638,34001251,True,False,True,False,False,Covid-19,Compartmental,2021 Covid-19,Mil Med Res
639,33996402,True,False,True,False,False,Covid-19,Compartmental,2021 Covid-19,Results Phys
640,33994895,True,False,False,True,False,Covid-19,Time Series,2021 Covid-19,Appl Soft Comput
641,33994677,True,False,True,False,False,General (theoretical model),Compartmental,2021 Non Covid-19,Chaos Solitons Fractals
642,33994664,True,False,True,True,True,General (theoretical model),Compartmental,2021 Non Covid-19,Nonlinear Dyn
643,33994652,True,False,True,False,False,Covid-19,Spatiotemporal,2021 Covid-19,GeoJournal
644,33993870,True,False,True,False,False,Unspecified (super-category),Time Series,2021 Non Covid-19,BMC Med
645,33993161,True,False,True,False,False,Gonorrhea,Agent-based,2021 Non Covid-19,Sex Transm Dis
646,33991293,False,False,True,False,False,General (theoretical model),Agent-based,2021 Non Covid-19,Health Care Manag Sci
647,33989292,True,False,True,False,True,Leptospirosis,Time Series,2021 Non Covid-19,PLoS One
648,33988707,False,False,False,False,False,Covid-19,Agent-based,2021 Covid-19,JAMA Netw Open
649,33986347,True,False,True,False,False,General (theoretical model),Compartmental,2021 Non Covid-19,Sci Rep
652,33983953,True,False,True,False,True,Covid-19,Time Series,2021 Covid-19,PLoS One
653,33980920,True,False,False,False,False,Covid-19,Compartmental,2021 Covid-19,Sci Rep
654,33980718,True,False,True,True,True,Covid-19,Agent-based,2021 Covid-19,BMJ
656,33977079,True,False,True,False,False,Covid-19,Compartmental,2021 Covid-19,Results Phys
657,33972270,True,False,True,False,False,Covid-19,Compartmental,2021 Covid-19,BMJ Health Care Inform
659,33971307,True,False,False,False,False,Covid-19,Compartmental,2021 Covid-19,Infect Genet Evol
661,33968462,True,False,True,False,True,Covid-19,Compartmental,2021 Covid-19,Engineering (Beijing)
662,33967408,True,False,True,False,False,Covid-19,Compartmental,2021 Covid-19,Chaos Solitons Fractals
663,33965636,True,False,False,True,True,Covid-19,Compartmental,2021 Covid-19,J Biomed Inform
664,33963259,True,False,True,False,False,Covid-19,Compartmental,2021 Covid-19,Sci Rep
665,33962683,True,False,True,False,False,Covid-19,Compartmental,2021 Covid-19,Infect Dis Poverty
667,33959371,True,False,True,True,True,Covid-19,Compartmental,2021 Covid-19,R Soc Open Sci
668,33958443,True,False,True,False,False,Covid-19,Compartmental,2021 Covid-19,Proc Natl Acad Sci U S A
670,33948613,True,False,True,True,False,Covid-19,Agent-based,2021 Covid-19,medRxiv
671,33942171,True,False,True,False,False,General (theoretical model),Compartmental,2021 Non Covid-19,J Math Biol
672,33942002,True,False,True,False,False,Covid-19,Time Series,2021 Covid-19,Expert Syst Appl
673,33941073,True,False,True,False,False,Unspecified (super-category),Time Series,2021 Non Covid-19,Environ Health Prev Med
675,33937734,True,False,True,False,False,Covid-19,Compartmental,2021 Covid-19,EClinicalMedicine
677,33936325,False,False,False,False,False,Covid-19,Time Series,2021 Covid-19,Procedia Comput Sci
678,33935582,True,False,True,True,False,Covid-19,Compartmental,2021 Covid-19,Annu Rev Control
679,33935381,True,False,False,False,False,Covid-19,Compartmental,2021 Covid-19,Chaos Solitons Fractals
681,33933228,True,False,True,False,False,Covid-19,Compartmental,2021 Covid-19,Value Health
683,33930762,True,False,True,False,False,Covid-19,Agent-based,2021 Covid-19,Comput Biol Med
684,33928902,True,False,False,False,False,Measles,Spatiotemporal,2021 Non Covid-19,Euro Surveill
689,33921152,True,False,True,False,False,Covid-19,Compartmental,2021 Covid-19,Int J Environ Res Public Health
692,33917544,True,False,True,True,True,Covid-19,Time Series,2021 Covid-19,Int J Environ Res Public Health
695,33915478,True,False,True,True,False,Covid-19,Agent-based,2021 Covid-19,Comput Biol Med
696,33915272,True,False,True,True,True,Covid-19,Time Series,2021 Covid-19,J Biomed Inform
697,33915160,True,False,True,False,False,Covid-19,Compartmental,2021 Covid-19,Math Biosci
699,33911131,True,False,True,False,False,Covid-19,Agent-based,2021 Covid-19,Sci Rep
700,33907222,True,False,True,False,False,Covid-19,Compartmental,2021 Covid-19,Sci Rep
701,33902631,True,False,True,False,False,HIV,Time Series,2021 Non Covid-19,AIDS Res Ther
703,33900929,True,False,False,False,False,Covid-19,Compartmental,2021 Covid-19,J Med Internet Res
704,33899348,True,False,True,False,False,TB and mycobacteria,Agent-based,2021 Non Covid-19,Int J Numer Method Biomed Eng
706,33899039,True,False,True,False,False,Covid-19,Compartmental,2021 Covid-19,Public Health Pract (Oxf)
708,33898377,True,False,True,False,False,Covid-19,Spatiotemporal,2021 Covid-19,Front Public Health
711,33891608,True,False,True,False,False,Leishmaniasis,Spatiotemporal,2021 Non Covid-19,PLoS Negl Trop Dis
712,33887314,True,False,True,False,False,Covid-19,Agent-based,2021 Covid-19,Math Biosci
714,33886486,True,False,True,True,False,Covid-19,Time Series,2021 Covid-19,JMIR Mhealth Uhealth
715,33882066,True,False,True,True,True,Covid-19,Agent-based,2021 Covid-19,PLoS Biol
716,33882025,False,False,True,False,False,Covid-19,Time Series,2021 Covid-19,Am J Trop Med Hyg
717,33880423,True,False,True,False,False,Covid-19,Compartmental,2021 Covid-19,Heliyon
718,33880323,True,False,True,False,False,Covid-19,Compartmental,2021 Covid-19,Results Phys
719,33879824,True,False,True,True,True,Covid-19,Time Series,2021 Covid-19,Sci Rep
724,33868908,True,False,True,False,False,Covid-19,Spatiotemporal,2021 Covid-19,Spat Stat
725,33868907,True,False,True,False,False,Covid-19,Compartmental,2021 Covid-19,Results Phys
727,33864970,False,False,True,False,False,Covid-19,Compartmental,2021 Covid-19,Comput Biol Med
728,33864137,False,False,True,False,False,General (theoretical model),Compartmental,2021 Non Covid-19,J Math Biol
730,33862214,True,False,True,False,False,Covid-19,Time Series,2021 Covid-19,Int J Infect Dis
731,33862212,True,False,True,True,False,Covid-19,Spatiotemporal,2021 Covid-19,Int J Infect Dis
732,33862210,True,False,True,True,False,Covid-19,Agent-based,2021 Covid-19,Int J Infect Dis
734,33858432,True,False,True,False,False,Malaria,Agent-based,2021 Non Covid-19,Malar J
736,33851007,True,False,True,False,False,General (theoretical model),Compartmental,2021 Non Covid-19,Model Earth Syst Environ
739,33850666,True,False,True,True,True,Covid-19,Agent-based,2021 Covid-19,PeerJ
740,33850441,True,False,True,False,False,Covid-19,Compartmental,2021 Covid-19,Annu Rev Control
741,33850338,True,False,True,False,False,Covid-19,Compartmental,2021 Covid-19,Appl Math Comput
743,33844636,True,False,True,False,False,Covid-19,Time Series,2021 Covid-19,J Med Internet Res
746,33840897,True,False,False,False,False,Covid-19,Compartmental,2021 Covid-19,Nonlinear Dyn
747,33840175,True,False,True,False,False,Covid-19,Multiple,2021 Covid-19,Genomics Inform
748,33836017,True,False,True,True,False,Covid-19,Agent-based,2021 Covid-19,PLoS One
749,33832451,True,False,True,False,False,HIV,Time Series,2021 Non Covid-19,BMC Public Health
750,33827852,True,False,True,False,False,Covid-19,Time Series,2021 Covid-19,CMAJ
751,33824850,True,False,True,False,False,General (theoretical model),Agent-based,2021 Non Covid-19,Z Gesundh Wiss
752,33823822,True,False,True,False,False,Covid-19,Agent-based,2021 Covid-19,BMC Public Health
755,33821142,False,False,False,False,False,Covid-19,Time Series,2021 Covid-19,Neural Process Lett
756,33817630,True,False,False,False,False,Covid-19,Compartmental,2021 Covid-19,Front Artif Intell
757,33816095,False,False,False,False,False,Covid-19,Spatiotemporal,2021 Covid-19,Spat Stat
758,33816084,True,False,True,False,False,Covid-19,Compartmental,2021 Covid-19,Sustain Cities Soc
760,33814655,True,False,False,False,False,General (theoretical model),Compartmental,2021 Non Covid-19,Physica D
761,33812742,True,False,True,True,True,Covid-19,Agent-based,2021 Covid-19,Vaccine
762,33805362,True,False,True,False,False,MERS,Agent-based,2021 Non Covid-19,Int J Environ Res Public Health
765,33802247,True,False,True,False,False,Covid-19,Spatiotemporal,2021 Covid-19,Int J Environ Res Public Health
766,33801188,True,False,True,False,False,General (theoretical model),Time Series,2021 Non Covid-19,Vaccines (Basel)
767,33800896,True,False,True,False,False,Covid-19,Compartmental,2021 Covid-19,Int J Environ Res Public Health
771,33798208,True,False,True,False,True,Bubonic plague,Spatiotemporal,2021 Non Covid-19,PLoS One
772,33798201,True,False,True,False,False,HIV,Time Series,2021 Non Covid-19,PLoS One
773,33795723,True,False,False,True,True,Covid-19,Time Series,2021 Covid-19,Sci Rep
774,33794286,True,False,True,False,False,Covid-19,Compartmental,2021 Covid-19,J Theor Biol
776,33791745,True,False,True,False,False,Covid-19,Spatiotemporal,2021 Covid-19,medRxiv
777,33787909,False,False,False,False,False,Covid-19,Agent-based,2021 Covid-19,JAMA Netw Open
780,33785291,True,False,True,False,False,Covid-19,Compartmental,2021 Covid-19,Math Biosci
781,33784882,True,False,True,False,True,General (theoretical model),Agent-based,2021 Non Covid-19,J R Soc Interface
782,33784332,True,False,True,False,True,Covid-19,Compartmental,2021 Covid-19,PLoS One
783,33784311,True,False,True,False,True,Zika,Multiple,2021 Non Covid-19,PLoS Comput Biol
785,33783394,True,False,True,True,True,General (theoretical model),Time Series,2021 Non Covid-19,Epidemiology
786,33781224,True,False,True,False,True,Covid-19,Compartmental,2021 Covid-19,BMC Public Health
787,33780504,True,False,True,False,False,Covid-19,Compartmental,2021 Covid-19,PLoS One
788,33780496,True,False,True,False,True,Covid-19,Spatiotemporal,2021 Covid-19,PLoS One
790,33777668,True,False,True,False,False,Covid-19,Compartmental,2021 Covid-19,Results Phys
791,33777127,True,False,True,False,False,Covid-19,Compartmental,2021 Covid-19,Adv Differ Equ
792,33776559,True,False,True,True,True,Covid-19,Spatiotemporal,2021 Covid-19,Stoch Environ Res Risk Assess
794,33772076,True,False,False,False,False,Covid-19,Agent-based,2021 Covid-19,Sci Rep
795,33765977,True,False,True,True,False,Covid-19,Compartmental,2021 Covid-19,BMC Public Health
797,33763643,True,False,False,False,False,Covid-19,Time Series,2021 Covid-19,Transp Res Interdiscip Perspect
798,33762613,True,False,True,False,False,Covid-19,Spatiotemporal,2021 Covid-19,Sci Rep
799,33758869,True,False,True,False,False,Covid-19,Compartmental,2021 Covid-19,medRxiv
801,33755577,True,False,False,False,False,Covid-19,Compartmental,2021 Covid-19,J Med Internet Res
802,33750735,True,False,True,True,False,Covid-19,Agent-based,2021 Covid-19,JMIR Med Inform
804,33746335,True,False,True,True,False,Covid-19,Time Series,2021 Covid-19,New Gener Comput
805,33746320,False,False,False,False,False,Covid-19,Compartmental,2021 Covid-19,Comput Mech
806,33741734,True,False,True,True,True,Covid-19,Agent-based,2021 Covid-19,Proc Natl Acad Sci U S A
808,33738825,True,False,True,False,False,Covid-19,Compartmental,2021 Covid-19,J Med Virol
810,33735290,True,False,True,False,False,Covid-19,Agent-based,2021 Covid-19,PLoS One
811,33735223,True,False,True,False,True,General (theoretical model),Compartmental,2021 Non Covid-19,PLoS Comput Biol
812,33734944,False,False,False,False,False,Small pox,Compartmental,2021 Non Covid-19,Hum Vaccin Immunother
815,33730035,True,False,True,True,True,Covid-19,Spatiotemporal,2021 Covid-19,PLoS One
817,33727636,True,False,True,True,True,Covid-19,Time Series,2021 Covid-19,NPJ Digit Med
818,33726787,True,False,True,False,False,Covid-19,Agent-based,2021 Covid-19,J Transl Med
819,33644499,True,False,True,False,False,Covid-19,Compartmental,2021 Covid-19,Infect Dis Model
821,33723312,True,False,True,True,False,Covid-19,Compartmental,2021 Covid-19,Sci Rep
822,33718314,True,False,True,False,False,Covid-19,Time Series,2021 Covid-19,Front Public Health
823,33688668,True,False,True,False,False,Covid-19,Agent-based,2021 Covid-19,medRxiv
824,33720988,True,False,True,True,True,Covid-19,Compartmental,2021 Covid-19,PLoS One
825,33719356,True,False,True,False,False,Ebola,Compartmental,2021 Non Covid-19,Adv Differ Equ
826,33712416,True,False,True,False,False,Covid-19,Agent-based,2021 Covid-19,Sci Adv
827,33711969,True,False,True,False,False,Measles,Agent-based,2021 Non Covid-19,BMC Public Health
828,33711939,True,False,True,False,False,General (theoretical model),Spatiotemporal,2021 Non Covid-19,BMC Infect Dis
830,33709095,True,False,True,True,True,Covid-19,Compartmental,2021 Covid-19,Int J Epidemiol
831,33707546,True,False,True,False,False,Covid-19,Compartmental,2021 Covid-19,Sci Rep
832,33706731,True,False,True,False,False,Malaria,Agent-based,2021 Non Covid-19,BMC Public Health
833,33686377,True,False,False,True,True,Covid-19,Spatiotemporal,2021 Covid-19,Infect Dis Model
837,33519124,True,False,True,False,False,Covid-19,Compartmental,2021 Covid-19,Chaos Solitons Fractals
838,33519102,True,False,False,False,False,Covid-19,Compartmental,2021 Covid-19,Chaos Solitons Fractals
841,33705424,True,False,True,True,True,Covid-19,Compartmental,2021 Covid-19,PLoS One
842,33691815,False,False,False,False,False,Covid-19,Time Series,2021 Covid-19,Epidemiol Infect
843,33690150,True,False,True,False,False,Covid-19,Time Series,2021 Covid-19,Br J Gen Pract
844,33690143,True,False,True,False,False,Covid-19,Time Series,2021 Covid-19,JMIR Public Health Surveill
846,33324027,False,False,False,False,False,General (theoretical model),Compartmental,2021 Non Covid-19,J Math Econ
848,33686125,True,False,False,False,False,Covid-19,Spatiotemporal,2021 Covid-19,Sci Rep
849,33686075,True,False,True,True,True,Covid-19,Time Series,2021 Covid-19,Nat Commun
850,33684415,True,False,True,False,False,Covid-19,Time Series,2021 Covid-19,Environ Res
851,33684126,True,False,True,False,False,Rift valley fever,Time Series,2021 Non Covid-19,PLoS Negl Trop Dis
852,33682078,True,False,False,False,False,Covid-19,Compartmental,2021 Covid-19,Theory Biosci
853,33678904,False,False,False,True,False,General (theoretical model),Compartmental,2021 Non Covid-19,J Optim Theory Appl
855,33676092,True,False,True,False,True,TB and mycobacteria,Time Series,2021 Non Covid-19,Epidemics
857,33672496,True,False,True,False,False,Rabies/ Lyssavirus,Agent-based,2021 Non Covid-19,Viruses
858,33671423,True,False,True,False,False,HFMD,Spatiotemporal,2021 Non Covid-19,Int J Environ Res Public Health
860,33667173,True,False,True,False,False,Covid-19,Compartmental,2021 Covid-19,JMIR Public Health Surveill
862,33623733,True,False,True,False,False,Covid-19,Compartmental,2021 Covid-19,Results Phys
864,33520615,True,False,True,False,False,Covid-19,Compartmental,2021 Covid-19,Results Phys
865,33661904,True,False,True,True,False,Dengue,Spatiotemporal,2021 Non Covid-19,PLoS Med
866,33661888,True,False,True,True,True,General (theoretical model),Compartmental,2021 Non Covid-19,PLoS Comput Biol
869,33623480,True,False,True,True,True,Covid-19,Time Series,2021 Covid-19,Annu Rev Control
870,33614571,True,False,False,False,False,Covid-19,Spatiotemporal,2021 Covid-19,Front Public Health
873,33643707,True,False,True,True,True,Covid-19,Compartmental,2021 Covid-19,PeerJ
874,33643496,False,False,False,False,False,Covid-19,Time Series,2021 Covid-19,Procedia Comput Sci
875,33643473,True,False,False,True,True,Covid-19,Agent-based,2021 Covid-19,Cognit Comput
876,33558794,True,False,False,False,False,Covid-19,Compartmental,2021 Covid-19,Chaos Solitons Fractals
878,33637062,True,False,True,False,False,Covid-19,Compartmental,2021 Covid-19,BMC Public Health
880,33634367,True,False,True,False,False,Adenovirus,Compartmental,2021 Non Covid-19,Jpn J Ophthalmol
881,33633491,True,False,True,True,True,Covid-19,Agent-based,2021 Covid-19,Proc Math Phys Eng Sci
882,33633275,True,False,True,False,False,Covid-19,Compartmental,2021 Covid-19,Sci Rep
885,33612854,True,False,True,False,False,Covid-19,Compartmental,2021 Covid-19,Inf Sci (N Y)
887,33630966,True,False,True,False,True,Covid-19,Time Series,2021 Covid-19,PLoS One
888,33628235,True,False,False,False,False,Covid-19,Time Series,2021 Covid-19,Interdiscip Perspect Infect Dis
889,33627165,True,False,True,False,False,West Nile virus,Spatiotemporal,2021 Non Covid-19,Parasit Vectors
890,33623817,True,False,True,False,False,Covid-19,Spatiotemporal,2021 Covid-19,Appl Netw Sci
891,33623479,True,False,False,True,True,Covid-19,Compartmental,2021 Covid-19,Annu Rev Control
892,33520671,True,False,False,False,False,Covid-19,Compartmental,2021 Covid-19,Mater Today Proc
893,33622148,True,False,True,False,True,Covid-19,Compartmental,2021 Covid-19,J R Soc Interface
894,33622024,True,False,True,False,True,Covid-19,Compartmental,2021 Covid-19,APMIS
896,33532246,True,False,True,False,False,Covid-19,Time Series,2021 Covid-19,Mater Today Proc
897,33391984,True,False,True,False,False,Covid-19,Compartmental,2021 Covid-19,Results Phys
899,33614394,False,False,True,True,False,Covid-19,Compartmental,2021 Covid-19,J Big Data
901,33613667,True,False,True,False,False,Covid-19,Compartmental,2021 Covid-19,Adv Differ Equ
902,33613017,True,False,False,False,False,Covid-19,Compartmental,2021 Covid-19,Digit Signal Process
903,33612999,True,False,True,False,False,Covid-19,Compartmental,2021 Covid-19,Chaos Solitons Fractals
904,33495669,True,False,False,False,False,Covid-19,Compartmental,2021 Covid-19,Physica A
905,33610582,True,False,True,True,False,Covid-19,Compartmental,2021 Covid-19,Environ Res
906,33610314,True,False,True,False,False,Covid-19,Compartmental,2021 Covid-19,ISA Trans
907,33607970,True,False,True,False,False,Rotavirus,Time Series,2021 Non Covid-19,BMC Pediatr
908,33606802,True,False,True,True,True,General (theoretical model),Compartmental,2021 Non Covid-19,PLoS One
909,33606714,True,False,True,True,True,Covid-19,Agent-based,2021 Covid-19,PLoS One
910,33606684,True,False,True,False,True,Covid-19,Spatiotemporal,2021 Covid-19,PLoS One
911,33605421,False,False,True,True,True,Covid-19,Spatiotemporal,2021 Covid-19,Mol Biol Evol
914,33603113,True,False,True,True,True,Covid-19,Compartmental,2021 Covid-19,Sci Rep
915,33602959,True,False,True,False,False,Dengue,Spatiotemporal,2021 Non Covid-19,Sci Rep
918,33600454,True,False,True,False,True,Typhus,Spatiotemporal,2021 Non Covid-19,PLoS Negl Trop Dis
919,33599037,True,False,False,False,False,General (theoretical model),Agent-based,2021 Non Covid-19,Am J Hum Biol
920,33596871,True,False,True,False,False,Mumps,Time Series,2021 Non Covid-19,BMC Public Health
921,33596869,True,False,True,False,False,HFMD,Spatiotemporal,2021 Non Covid-19,BMC Public Health
923,33575412,True,False,False,False,False,Covid-19,Time Series,2021 Covid-19,AIMS Public Health
924,33558855,True,False,False,False,False,Covid-19,Compartmental,2021 Covid-19,Infect Dis Model
925,33519118,True,False,False,True,False,Covid-19,Compartmental,2021 Covid-19,Chaos Solitons Fractals
927,33456212,True,False,True,False,True,Covid-19,Spatiotemporal,2021 Covid-19,Transp Res Part C Emerg Technol
932,33579561,True,False,True,False,False,Covid-19,Time Series,2021 Covid-19,Health Policy
934,33577573,True,False,True,False,False,Rabies/ Lyssavirus,Spatiotemporal,2021 Non Covid-19,PLoS Negl Trop Dis
936,33568082,True,False,True,False,False,General (theoretical model),Spatiotemporal,2021 Non Covid-19,BMC Infect Dis
937,33564205,True,False,True,False,False,Covid-19,Spatiotemporal,2021 Covid-19,Cities
938,33562509,True,False,True,False,False,Covid-19,Compartmental,2021 Covid-19,Biology (Basel)
939,33562465,True,False,True,False,False,Covid-19,Compartmental,2021 Covid-19,Biology (Basel)
941,33557818,True,False,True,True,True,Covid-19,Time Series,2021 Covid-19,BMC Med Inform Decis Mak
943,33553466,True,False,False,False,False,Covid-19,Compartmental,2021 Covid-19,Open Forum Infect Dis
945,33552151,True,False,True,False,False,Covid-19,Compartmental,2021 Covid-19,Adv Differ Equ
946,33551570,True,False,True,False,False,Covid-19,Compartmental,2021 Covid-19,Nonlinear Dyn
947,33551528,True,False,False,False,False,Covid-19,Spatiotemporal,2021 Covid-19,Theor Appl Climatol
949,33546131,True,False,True,False,True,Measles,Spatiotemporal,2021 Non Covid-19,Pathogens
950,33521404,True,False,False,True,True,Covid-19,Time Series,2021 Covid-19,Infect Dis Model
951,33544752,True,False,True,False,False,HFMD,Time Series,2021 Non Covid-19,PLoS One
952,33540378,True,False,True,False,False,Covid-19,Compartmental,2021 Covid-19,Epidemics
953,33532790,True,False,True,False,False,Covid-19,Agent-based,2021 Covid-19,medRxiv
954,33521407,True,False,False,False,False,Covid-19,Time Series,2021 Covid-19,Infect Dis Model
955,33534810,True,False,True,True,True,General (theoretical model),Compartmental,2021 Non Covid-19,PLoS One
956,33534784,True,False,True,False,True,Unspecified (super-category),Agent-based,2021 Non Covid-19,PLoS Comput Biol
958,33531729,False,False,False,False,False,Multiple different agents,Compartmental,2021 Non Covid-19,Ann Oper Res
959,33530563,True,False,True,False,False,Covid-19,Compartmental,2021 Covid-19,Int J Environ Res Public Health
960,33530386,True,False,True,False,False,Malaria,Spatiotemporal,2021 Non Covid-19,Int J Environ Res Public Health
961,33529565,True,False,True,False,True,Vector,Spatiotemporal,2021 Non Covid-19,Proc Biol Sci
965,33442558,False,False,True,True,False,Covid-19,Compartmental,2021 Covid-19,ArXiv
967,33525354,True,False,True,False,False,Salmonellosis,Time Series,2021 Non Covid-19,Antibiotics (Basel)
970,33519302,True,False,True,False,False,Covid-19,Compartmental,2021 Covid-19,Stoch Environ Res Risk Assess
971,33519121,True,False,True,False,False,Covid-19,Compartmental,2021 Covid-19,Chaos Solitons Fractals
973,33515252,True,False,True,True,False,Covid-19,Agent-based,2021 Covid-19,Clin Infect Dis
975,33513882,True,False,True,False,False,Rabies/ Lyssavirus,Time Series,2021 Non Covid-19,Viruses
976,33513139,True,False,True,True,True,Covid-19,Compartmental,2021 Covid-19,PLoS Comput Biol
977,33505808,True,False,True,True,True,Covid-19,Compartmental,2021 Covid-19,PeerJ
982,33501885,True,False,True,False,False,Covid-19,Compartmental,2021 Covid-19,J R Soc Interface
983,33500445,True,False,True,False,False,General (theoretical model),Agent-based,2021 Non Covid-19,Sci Rep
984,33499138,True,False,True,False,False,Covid-19,Compartmental,2021 Covid-19,Biology (Basel)
986,33489008,True,False,True,False,True,Nocardia,Spatiotemporal,2021 Non Covid-19,Comput Struct Biotechnol J
988,33391987,True,False,True,False,True,Covid-19,Agent-based,2021 Covid-19,Results Phys
989,33484644,True,False,True,False,False,Covid-19,Agent-based,2021 Covid-19,Lancet Public Health
990,33482526,True,False,True,False,False,Covid-19,Spatiotemporal,2021 Covid-19,Chemosphere
991,33481956,True,False,True,False,True,Covid-19,Compartmental,2021 Covid-19,PLoS One
992,33478962,True,False,True,False,False,TB and mycobacteria,Time Series,2021 Non Covid-19,BMJ Open
995,33465142,True,False,True,False,False,Covid-19,Multiple,2021 Covid-19,PLoS One
996,33462589,False,False,False,False,False,Covid-19,Agent-based,2021 Covid-19,Clin Infect Dis
997,33462560,True,False,True,False,False,Covid-19,Time Series,2021 Covid-19,Results Phys
999,33442712,True,False,True,False,False,Covid-19,Agent-based,2021 Covid-19,medRxiv
1000,33442704,True,False,True,True,False,Covid-19,Time Series,2021 Covid-19,medRxiv
1001,33457496,True,False,True,False,False,Covid-19,Compartmental,2021 Covid-19,Model Earth Syst Environ
1002,33457150,True,False,False,False,False,Covid-19,Compartmental,2021 Covid-19,J Gen Fam Med
1003,33456433,True,False,False,False,False,Covid-19,Time Series,2021 Covid-19,Pers Ubiquitous Comput
1004,33455588,True,False,True,False,False,Covid-19,Time Series,2021 Covid-19,Epidemiol Infect
1005,33451092,True,False,True,False,False,Covid-19,Compartmental,2021 Covid-19,Sensors (Basel)
1006,33450286,True,False,False,False,False,Covid-19,Compartmental,2021 Covid-19,J Theor Biol
1007,33449934,True,False,True,False,True,Influenza illnesses,Spatiotemporal,2021 Non Covid-19,PLoS One
1008,33449276,False,False,True,False,False,Covid-19,Compartmental,2021 Covid-19,Biomech Model Mechanobiol
1009,33446891,True,False,True,False,False,Covid-19,Compartmental,2021 Covid-19,NPJ Digit Med
1011,33446283,True,False,True,False,False,HFMD,Time Series,2021 Non Covid-19,Epidemiol Infect
1012,33442818,True,False,True,False,False,Covid-19,Compartmental,2021 Covid-19,J Gen Intern Med
1013,33441598,True,False,True,False,False,Dengue,Spatiotemporal,2021 Non Covid-19,Sci Rep
1014,33441091,True,False,True,False,False,Covid-19,Agent-based,2021 Covid-19,BMC Infect Dis
1016,33439868,True,False,True,False,False,General (theoretical model),Spatiotemporal,2021 Non Covid-19,PLoS One
1017,33436862,True,False,True,False,False,Malaria,Spatiotemporal,2021 Non Covid-19,Sci Rep
1018,33435892,True,False,True,False,False,Covid-19,Compartmental,2021 Covid-19,BMC Infect Dis
1019,33435631,True,False,True,False,False,Covid-19,Compartmental,2021 Covid-19,Healthcare (Basel)
1021,33432337,True,False,True,False,False,Covid-19,Time Series,2021 Covid-19,J Public Health (Oxf)
1025,33428623,True,False,True,False,True,Yellow fever,Spatiotemporal,2021 Non Covid-19,PLoS Negl Trop Dis
1026,33425640,True,False,True,True,True,Covid-19,Compartmental,2021 Covid-19,J Math Ind
1027,33424955,True,False,True,False,False,Covid-19,Compartmental,2021 Covid-19,Adv Differ Equ
1029,33422330,True,False,False,False,False,Covid-19,Time Series,2021 Covid-19,ISA Trans
1030,33420154,True,False,True,False,False,General (theoretical model),Agent-based,2021 Non Covid-19,Sci Rep
1032,33413723,True,False,True,False,False,Covid-19,Compartmental,2021 Covid-19,Disaster Med Public Health Prep
1033,33413715,True,False,True,False,False,Covid-19,Compartmental,2021 Covid-19,Epidemiol Infect
1034,33412586,False,False,False,False,False,Covid-19,Compartmental,2021 Covid-19,Am J Epidemiol
1035,33411744,True,False,True,True,True,Covid-19,Time Series,2021 Covid-19,PLoS One
1036,33411739,True,False,True,False,False,West Nile virus,Spatiotemporal,2021 Non Covid-19,PLoS Negl Trop Dis
1037,33407789,True,False,True,False,False,Schistomiasis,Spatiotemporal,2021 Non Covid-19,Parasit Vectors
1038,33406136,True,False,True,False,True,Schistomiasis,Spatiotemporal,2021 Non Covid-19,PLoS Negl Trop Dis
1039,33406106,True,False,True,False,False,General (theoretical model),Compartmental,2021 Non Covid-19,PLoS One
1040,33401753,True,False,True,False,False,Zika,Spatiotemporal,2021 Non Covid-19,Int J Environ Res Public Health
1041,33400698,True,False,True,False,True,Leprosy,Time Series,2021 Non Covid-19,PLoS Negl Trop Dis
1042,33388436,True,False,True,False,False,Covid-19,Compartmental,2021 Covid-19,Int J Infect Dis
1044,33360871,True,False,True,True,True,Covid-19,Compartmental,2021 Covid-19,Epidemics
1046,33359440,True,False,True,False,False,Covid-19,Compartmental,2021 Covid-19,Int J Infect Dis
1047,33294749,True,False,False,False,False,Covid-19,Compartmental,2021 Covid-19,Infect Dis Model
1048,33342517,True,False,True,False,False,Covid-19,Multiple,2021 Covid-19,Biochem Biophys Res Commun
1050,33326924,True,False,True,False,False,Covid-19,Agent-based,2021 Covid-19,Comput Methods Programs Biomed
1053,33308354,True,False,True,False,False,Covid-19,Agent-based,2021 Covid-19,Infect Control Hosp Epidemiol
1055,33301769,False,False,False,False,False,General (theoretical model),Compartmental,2021 Non Covid-19,J Theor Biol
1056,33294750,True,False,False,False,True,Covid-19,Time Series,2021 Covid-19,Infect Dis Model
1057,33281306,True,False,False,False,True,Covid-19,Time Series,2021 Covid-19,Chaos Solitons Fractals
1058,33281305,True,False,False,False,False,Covid-19,Time Series,2021 Covid-19,Chaos Solitons Fractals
1060,33279653,True,False,True,True,False,Covid-19,Compartmental,2021 Covid-19,Int J Infect Dis
1061,33278610,True,False,True,False,False,Covid-19,Spatiotemporal,2021 Covid-19,Travel Med Infect Dis
1062,33277643,False,False,False,False,False,Covid-19,Compartmental,2021 Covid-19,Clin Infect Dis
1063,33269359,True,False,True,True,False,Covid-19,Agent-based,2021 Covid-19,medRxiv
1064,33269029,True,False,False,False,False,Covid-19,Time Series,2021 Covid-19,Appl Soft Comput
1065,33258177,True,False,True,True,True,Covid-19,Time Series,2021 Covid-19,Biom J
1068,33225113,True,False,False,False,False,Covid-19,Compartmental,2021 Covid-19,Infect Dis Model
1071,33207390,True,False,False,False,False,Covid-19,Agent-based,2021 Covid-19,Med J Aust
1072,33204214,True,False,True,False,False,Covid-19,Spatiotemporal,2021 Covid-19,Chem Eng J
1073,33204050,True,False,True,False,False,Covid-19,Compartmental,2021 Covid-19,Physica A
1074,33199943,True,False,True,False,False,Covid-19,Compartmental,2021 Covid-19,Chaos Solitons Fractals
1075,33169041,True,False,True,False,False,Covid-19,Compartmental,2021 Covid-19,Physica D
1076,33162689,True,False,True,False,False,Covid-19,Compartmental,2021 Covid-19,Chaos Solitons Fractals
1077,33162634,True,False,True,False,False,Covid-19,Spatiotemporal,2021 Covid-19,Cities
1079,33146109,True,False,True,True,True,Covid-19,Compartmental,2021 Covid-19,Am J Trop Med Hyg
1080,33129826,True,False,False,True,False,SARS,Compartmental,2021 Non Covid-19,Math Biosci
1081,33126032,True,False,True,False,False,Covid-19,Time Series,2021 Covid-19,Environ Pollut
1082,33118070,True,False,False,False,False,Covid-19,Time Series,2021 Covid-19,Environ Sci Pollut Res Int
1083,33110288,False,False,True,False,False,Covid-19,Compartmental,2021 Covid-19,Appl Math Model
1085,33105091,True,False,False,True,True,Covid-19,Agent-based,2021 Covid-19,Ann Intern Med
1086,33100604,True,False,False,False,False,Covid-19,Compartmental,2021 Covid-19,Chaos Solitons Fractals
1088,33100475,False,False,True,True,True,Covid-19,Time Series,2021 Covid-19,J Econom
1089,33097835,True,False,True,True,True,Covid-19,Compartmental,2021 Covid-19,Nat Med
1090,33078047,True,False,False,False,False,Covid-19,Multiple,2021 Covid-19,Expert Syst Appl
1091,33077215,True,False,True,False,False,Covid-19,Time Series,2021 Covid-19,Sci Total Environ
1092,33068430,True,False,True,False,False,HFRS,Spatiotemporal,2021 Non Covid-19,Clin Infect Dis
1093,33053172,True,False,True,True,True,Covid-19,Time Series,2021 Covid-19,Int J Epidemiol
1094,33041528,True,False,False,False,False,Covid-19,Time Series,2021 Covid-19,Expert Syst Appl
1095,33041473,False,False,False,False,False,Covid-19,Compartmental,2021 Covid-19,Math Comput Simul
1096,33024345,True,False,False,False,False,Covid-19,Compartmental,2021 Covid-19,Physica D
1097,33012995,True,False,False,False,False,Covid-19,Agent-based,2021 Covid-19,Saf Sci
1098,33012957,True,False,True,False,False,Covid-19,Compartmental,2021 Covid-19,Appl Math Model
1099,33012953,False,False,True,True,False,Covid-19,Compartmental,2021 Covid-19,J Econom
1100,32983836,False,False,True,False,False,General (theoretical model),Compartmental,2021 Non Covid-19,Int J Dyn Control
1104,32958973,True,False,False,False,False,Covid-19,Compartmental,2021 Covid-19,Measurement (Lond)
1105,32908331,True,False,False,False,False,Covid-19,Compartmental,2021 Covid-19,Expert Syst Appl
1106,32896479,True,False,False,False,False,Covid-19,Compartmental,2021 Covid-19,J Infect Chemother
1108,32838022,True,False,False,False,False,Covid-19,Spatiotemporal,2021 Covid-19,Model Earth Syst Environ
1109,32837814,False,False,True,False,False,Covid-19,Compartmental,2021 Covid-19,Arab J Sci Eng
1112,32836680,False,False,False,True,False,Covid-19,Compartmental,2021 Covid-19,J Econom
1113,32834475,False,False,True,False,False,Covid-19,Compartmental,2021 Covid-19,Appl Math Lett
1115,32798099,True,False,True,False,False,HIV,Agent-based,2021 Non Covid-19,J Adolesc Health
1116,32613724,True,False,True,False,False,Influenza illnesses,Spatiotemporal,2021 Non Covid-19,Transbound Emerg Dis
1117,32587978,True,False,True,True,True,Covid-19,Compartmental,2021 Covid-19,medRxiv
1119,32448889,True,False,True,False,False,Streptococcus,Time Series,2021 Non Covid-19,Clin Infect Dis
1120,32419342,True,False,True,False,False,Influenza illnesses,Spatiotemporal,2021 Non Covid-19,Transbound Emerg Dis
1121,31182773,True,False,True,True,True,General (theoretical model),Compartmental,2019,Sci Rep
1124,30866826,True,False,True,False,False,Campylobacter,Spatiotemporal,2019,BMC Infect Dis
1125,31085656,True,False,False,True,True,Measles,Spatiotemporal,2019,Proc Natl Acad Sci U S A
1126,31742512,False,False,True,True,False,Zika,Agent-based,2019,Emerg Infect Dis
1127,31873144,True,False,True,False,False,Influenza illnesses,Spatiotemporal,2019,Sci Rep
1128,30882314,False,False,True,False,False,Chikungunya,Spatiotemporal,2019,Emerg Infect Dis
1129,30972440,False,False,True,False,False,General (theoretical model),Compartmental,2019,J Math Biol
1130,31035715,True,False,True,False,False,Scrub typhus,Time Series,2019,Int J Environ Res Public Health
1131,31038652,False,False,True,False,False,TB and mycobacteria,Time Series,2019,J Bras Pneumol
1132,30334918,True,False,True,True,True,General (theoretical model),Time Series,2019,Epidemiology
1133,30878314,True,False,True,False,False,General (theoretical model),Compartmental,2019,Epidemics
1135,30606104,True,False,True,False,False,Leishmaniasis,Spatiotemporal,2019,BMC Infect Dis
1136,31427903,True,False,True,False,False,Cholera,Time Series,2019,ScientificWorldJournal
1137,31616035,True,False,True,False,False,General (theoretical model),Compartmental,2019,Sci Rep
1139,31433284,False,False,False,False,False,General (theoretical model),Spatiotemporal,2019,Health Secur
1140,31498858,True,False,False,False,False,Hepatitis C,Time Series,2019,Rev Esp Sanid Penit
1141,30350000,True,False,True,False,False,Giardiasis,Time Series,2019,Ecohealth
1142,31694212,True,False,True,False,False,Brucellosis,Time Series,2019,Int J Environ Res Public Health
1143,31024009,True,False,True,False,True,General (theoretical model),Spatiotemporal,2019,Sci Data
1145,31036511,True,False,True,False,False,Malaria,Spatiotemporal,2019,Lancet Infect Dis
1146,32287387,False,False,False,False,False,General (theoretical model),Compartmental,2019,J Math Anal Appl
1147,31336761,True,False,True,False,False,General (theoretical model),Compartmental,2019,Int J Environ Res Public Health
1148,31199809,True,False,True,True,True,Zika,Spatiotemporal,2019,PLoS Negl Trop Dis
1149,31851680,True,False,True,True,True,General (theoretical model),Spatiotemporal,2019,PLoS One
1152,31415560,True,False,True,False,False,Malaria,Agent-based,2019,PLoS One
1155,31185818,True,False,True,True,True,Influenza illnesses,Time Series,2019,J R Soc Interface
1156,31877185,True,False,True,False,True,Malaria,Time Series,2019,PLoS One
1157,32287361,False,False,True,False,False,General (theoretical model),Compartmental,2019,J Franklin Inst
1158,31164093,True,False,True,False,False,Dengue,Spatiotemporal,2019,BMC Infect Dis
1161,31337826,True,False,True,False,False,General (theoretical model),Compartmental,2019,Sci Rep
1163,31801513,True,False,True,False,False,Measles,Time Series,2019,BMC Public Health
1164,31859940,True,False,True,False,False,HIV,Spatiotemporal,2019,Rev Soc Bras Med Trop
1167,31309365,True,False,True,False,False,Nephropathia epidemica,Time Series,2019,Ecohealth
1168,31784625,True,False,True,False,False,HFMD,Spatiotemporal,2019,Sci Rep
1170,32226453,True,False,True,False,False,General (theoretical model),Compartmental,2019,Adv Differ Equ
1171,30868213,False,False,True,False,False,General (theoretical model),Compartmental,2019,J Math Biol
1172,30635558,True,False,True,True,True,Influenza illnesses,Time Series,2019,Nat Commun
1174,30958817,True,False,True,False,False,Influenza illnesses,Time Series,2019,PLoS Comput Biol
1175,31297469,True,False,True,False,False,MERS,Spatiotemporal,2019,Infect Dis Model
1176,30881481,True,False,True,False,False,Influenza illnesses,Spatiotemporal,2019,Comput Math Methods Med
1178,31698706,True,True,True,False,False,Rotavirus,Time Series,2019,Int J Environ Res Public Health
1179,33192155,False,False,True,False,False,Ebola,Multiple,2019,Biomath (Sofia)
1180,30788178,True,False,True,False,False,Influenza illnesses,Compartmental,2019,Healthc Inform Res
1181,31401962,True,False,True,False,True,Henipavirus,Compartmental,2019,Philos Trans R Soc Lond B Biol Sci
1183,31272437,True,False,True,False,False,TB and mycobacteria,Spatiotemporal,2019,BMC Public Health
1185,31787127,True,False,True,False,False,Influenza illnesses,Spatiotemporal,2019,Epidemiol Infect
1186,30691092,True,False,True,False,False,Unspecified (super-category),Spatiotemporal,2019,Int J Environ Res Public Health
1188,30713821,True,False,True,False,False,Influenza illnesses,Compartmental,2019,PeerJ
1189,31390430,True,False,True,False,False,Leprosy,Time Series,2019,Rev Saude Publica
1190,31101079,True,False,True,False,True,Mumps,Time Series,2019,BMC Infect Dis
1192,31129282,False,False,True,False,False,Crimean Congo HF,Spatiotemporal,2019,Clin Microbiol Infect
1193,31423136,True,False,True,False,False,TB and mycobacteria,Spatiotemporal,2019,Tanaffos
1194,31213175,True,False,True,False,True,Zika,Spatiotemporal,2019,J R Soc Interface
1195,31278344,True,False,True,False,True,Resistant bacteria,Spatiotemporal,2019,Sci Rep
1198,31009473,True,False,True,False,True,Typhus,Spatiotemporal,2019,PLoS One
1200,31233387,True,False,True,False,False,Scrub typhus,Spatiotemporal,2019,Emerg Microbes Infect
1203,31727921,True,False,True,False,False,Hepatitis C,Agent-based,2019,Sci Rep
1206,31340351,True,False,False,False,False,Streptococcus,Spatiotemporal,2019,Rev Saude Publica
1207,31846456,True,False,True,True,False,HIV,Agent-based,2019,PLoS Comput Biol
1208,31887142,True,False,True,False,False,HIV,Agent-based,2019,PLoS One
1209,30869008,True,False,True,False,False,HIV,Agent-based,2019,Epidemiol Infect
1210,31660883,True,False,True,False,False,Multiple different agents,Spatiotemporal,2019,BMC Infect Dis
1212,31608405,True,False,True,False,False,Dengue,Time Series,2019,J Travel Med
1213,31777708,True,False,True,False,False,Brucellosis,Time Series,2019,Health Promot Perspect
1215,31594511,True,False,True,True,True,Rabies/ Lyssavirus,Spatiotemporal,2019,Proc Biol Sci
1216,31771674,True,False,True,False,False,Rotavirus,Time Series,2019,Epidemiol Infect
1217,31144552,True,False,True,True,True,HFRS,Spatiotemporal,2019,J Int Med Res
1219,30891185,True,False,True,False,True,General (theoretical model),Spatiotemporal,2019,Ecol Evol
1220,31443635,True,False,True,False,False,Resistant bacteria,Time Series,2019,BMC Infect Dis
1221,31287819,True,False,True,False,False,Legionella pneumophila,Spatiotemporal,2019,PLoS One
1224,31145744,True,False,True,False,False,Vector,Spatiotemporal,2019,PLoS Negl Trop Dis
1227,31329645,True,False,True,False,False,Dengue,Spatiotemporal,2019,PLoS One
1228,31234380,True,False,True,False,False,Schistomiasis,Spatiotemporal,2019,Int J Environ Res Public Health
1229,30869007,True,False,True,True,True,Influenza illnesses,Agent-based,2019,Epidemiol Infect
1230,30850598,True,False,True,True,True,Dengue,Time Series,2019,Nat Commun
1231,31142311,True,False,True,True,True,General (theoretical model),Spatiotemporal,2019,BMC Public Health
1233,31205290,True,False,False,True,True,General (theoretical model),Time Series,2019,Epidemiology
1234,31369548,True,False,True,False,True,Spiroplasma,Spatiotemporal,2019,PLoS Negl Trop Dis
1235,30837248,True,False,True,False,False,Multiple different agents,Agent-based,2019,BMJ Open
1236,32226129,False,False,True,False,False,General (theoretical model),Compartmental,2019,J Differ Equ
1237,31195637,True,False,True,False,False,Malaria,Time Series,2019,Int J Environ Res Public Health
1238,30665426,True,False,True,True,False,Campylobacter,Agent-based,2019,J Transl Med
1239,31039734,True,False,True,False,False,TB and mycobacteria,Spatiotemporal,2019,BMC Infect Dis
1240,31887118,True,False,True,True,True,Dengue,Time Series,2019,PLoS One
1241,31690844,True,False,True,False,False,Ebola,Agent-based,2019,Sci Rep
1242,30868999,True,False,True,False,False,HFMD,Time Series,2019,Epidemiol Infect
1244,31120877,True,False,True,True,True,General (theoretical model),Agent-based,2019,PLoS Comput Biol
1246,30674890,True,False,True,False,False,HIV,Time Series,2019,Sci Rep
1248,31048894,True,False,True,False,True,TB and mycobacteria,Spatiotemporal,2019,PLoS One
1251,30802984,True,False,False,False,False,Unspecified (super-category),Time Series,2019,Clin Cardiol
1252,31237087,False,False,True,False,False,Multiple different agents,Time Series,2019,Influenza Other Respir Viruses
1253,30893294,True,False,True,True,True,Dengue,Agent-based,2019,PLoS Comput Biol
1254,31063086,True,False,True,False,False,Bordetella pertussis,Time Series,2019,Epidemiol Infect
1256,31182036,True,False,True,False,False,Streptococcus,Time Series,2019,BMC Infect Dis
1258,31784563,True,False,True,False,False,Malaria,Time Series,2019,Sci Rep
1259,30642334,True,False,True,False,False,General (theoretical model),Compartmental,2019,Theor Biol Med Model
1262,31765386,True,False,True,False,False,Influenza illnesses,Time Series,2019,PLoS One
1264,30921386,True,False,True,False,False,Zika,Compartmental,2019,PLoS One
1267,30777016,True,False,True,False,False,Resistant bacteria,Spatiotemporal,2019,BMC Infect Dis
1268,31496766,True,False,True,False,True,Norovirus,Compartmental,2019,Infect Drug Resist
1269,31200692,True,False,True,False,False,Zika,Time Series,2019,BMC Public Health
1270,31036482,True,False,True,False,False,HIV,Spatiotemporal,2019,Lancet HIV
1271,31088391,True,False,True,True,True,Brucellosis,Time Series,2019,BMC Infect Dis
1273,31671446,True,False,True,False,False,Meningococcus,Spatiotemporal,2019,J Infect Dis
1274,30764779,True,False,True,False,False,Influenza illnesses,Time Series,2019,BMC Infect Dis
1275,31169135,True,False,True,False,False,Measles,Time Series,2019,J Postgrad Med
1276,31323025,True,False,True,False,True,Influenza illnesses,Time Series,2019,PLoS One
1279,31311945,True,False,False,False,False,Vector,Spatiotemporal,2019,Sci Rep
1281,31484519,True,False,True,False,False,Malaria,Spatiotemporal,2019,Malar J
1282,30865618,True,False,True,False,False,West Nile virus,Spatiotemporal,2019,PLoS Comput Biol
1284,31362754,True,False,True,False,False,Canine heartworm,Spatiotemporal,2019,Parasit Vectors
1285,31440067,True,False,True,False,False,TB and mycobacteria,Time Series,2019,Infect Drug Resist
1286,31877134,True,False,True,False,True,Leptospirosis,Spatiotemporal,2019,PLoS Negl Trop Dis
1287,31751346,True,False,True,False,True,Multiple different agents,Time Series,2019,PLoS Comput Biol
1288,31558383,True,False,True,False,False,Unspecified (super-category),Spatiotemporal,2019,Lancet Glob Health
1289,31306464,True,False,True,False,True,HIV,Agent-based,2019,PLoS One
1292,31228488,False,False,True,False,False,General (theoretical model),Compartmental,2019,J Theor Biol
1293,30845236,True,False,True,False,True,Ebola,Time Series,2019,PLoS One
1296,31064395,True,False,True,True,False,Leishmaniasis,Spatiotemporal,2019,Parasit Vectors
1297,31798311,True,False,True,False,False,Rift valley fever,Spatiotemporal,2019,Trop Med Health
1298,30795739,True,True,True,False,False,Rotavirus,Time Series,2019,BMC Infect Dis
1302,31358033,True,False,True,False,False,Malaria,Time Series,2019,Parasit Vectors
1303,30682037,True,False,True,True,True,Dengue,Agent-based,2019,PLoS One
1304,31199806,True,False,True,False,False,Brucellosis,Time Series,2019,PLoS One
1305,31234829,True,False,True,False,True,Multiple different agents,Time Series,2019,BMC Public Health
1306,31361737,True,False,True,False,False,Multiple different agents,Time Series,2019,Med Sci Monit
1307,30868998,True,False,True,False,False,Unspecified (super-category),Time Series,2019,Epidemiol Infect
1308,31246954,True,False,True,False,False,Streptococcus,Time Series,2019,PLoS Med
1309,30822344,True,False,True,False,True,Leishmaniasis,Spatiotemporal,2019,PLoS One
1310,31399064,True,False,True,False,False,General (theoretical model),Time Series,2019,BMC Infect Dis
1311,31381606,True,False,True,False,True,Ebola,Time Series,2019,PLoS Negl Trop Dis
1312,30959783,True,False,True,True,True,Influenza illnesses,Spatiotemporal,2019,Int J Environ Res Public Health
1314,31364559,True,False,True,False,False,HIV,Time Series,2019,Epidemiol Infect
1316,31511311,True,False,True,False,False,Rotavirus,Time Series,2019,J Epidemiol Community Health
1318,31658203,True,False,True,False,False,HIV,Time Series,2019,J Acquir Immune Defic Syndr
1319,31465448,True,False,True,False,False,HFMD,Agent-based,2019,PLoS Comput Biol
1321,30707099,True,False,True,False,False,Influenza illnesses,Time Series,2019,J Med Internet Res
1323,31286935,True,False,True,False,False,PRRS,Time Series,2019,BMC Vet Res
1324,31209084,True,False,True,False,False,HFRS,Time Series,2019,BMJ Open
1328,31109024,True,False,True,False,False,Multiple different agents,Spatiotemporal,2019,Int J Environ Res Public Health
1329,31673249,True,False,True,False,False,HIV,Time Series,2019,Cost Eff Resour Alloc
1330,31426380,True,False,True,False,False,Malaria,Spatiotemporal,2019,Int J Environ Res Public Health
1331,31395085,True,False,True,True,True,West Nile virus,Spatiotemporal,2019,Parasit Vectors
1333,31703557,True,False,True,False,False,EHEC,Time Series,2019,BMC Infect Dis
1334,30986218,True,False,True,True,True,General (theoretical model),Spatiotemporal,2019,PLoS Negl Trop Dis
1335,31249824,True,False,True,False,False,Vector,Time Series,2019,Front Public Health
1336,30703095,True,False,True,False,False,HFRS,Spatiotemporal,2019,PLoS Negl Trop Dis
1337,33821284,True,False,True,True,False,Covid-19,Compartmental,2021 Covid-19,medRxiv
